symbol,candle_count,days_count,min_date,max_date,avg_daily_candles
RELIANCE,3336,12,2026-08-10,2026-09-10,278.0
INFY,3070,12,2026-08-10,2026-09-10,255.83
ICICIBANK,3058,11,2026-08-11,2026-09-10,278.0
HDFCBANK,3053,11,2026-08-11,2026-09-10,277.55
TCS,3021,11,2026-08-10,2026-09-10,274.64
ACUTAAS,2291,9,2026-08-14,2026-09-10,254.56
ABFRL,2274,9,2026-08-14,2026-09-10,252.67
AARTIPHARM,2270,9,2026-08-14,2026-09-10,252.22
ACMESOLAR,2268,9,2026-08-14,2026-09-10,252.0
AARTIIND,2266,9,2026-08-14,2026-09-10,251.78
ACE,2262,9,2026-08-14,2026-09-10,251.33
ABSLAMC,2249,9,2026-08-14,2026-09-10,249.89
ACC,2247,9,2026-08-14,2026-09-10,249.67
ADANIPOWER,2238,9,2026-08-14,2026-09-10,248.67
ADANIGREEN,2236,9,2026-08-14,2026-09-10,248.44
ADANIPORTS,2236,9,2026-08-14,2026-09-10,248.44
ADANIENSOL,2235,9,2026-08-14,2026-09-10,248.33
ADANIENT,2235,9,2026-08-14,2026-09-10,248.33
ABB,2225,9,2026-08-14,2026-09-10,247.22
ABCAPITAL,2225,9,2026-08-14,2026-09-10,247.22
360ONE,2213,9,2026-08-14,2026-09-10,245.89
AAVAS,2188,9,2026-08-14,2026-09-10,243.11
ABDL,2145,9,2026-08-14,2026-09-10,238.33
AADHARHFC,2138,9,2026-08-14,2026-09-10,237.56
63MOONS,2105,9,2026-08-14,2026-09-10,233.89
APOLLO,2097,9,2026-08-14,2026-09-10,233.0
APARINDS,2092,9,2026-08-14,2026-09-10,232.44
ASTRAMICRO,2092,9,2026-08-14,2026-09-10,232.44
ASTERDM,2091,9,2026-08-14,2026-09-10,232.33
APTUS,2086,9,2026-08-14,2026-09-10,231.78
ANANTRAJ,2084,9,2026-08-14,2026-09-10,231.56
ANTHEM,2084,9,2026-08-14,2026-09-10,231.56
ATHERENERG,2081,9,2026-08-14,2026-09-10,231.22
ATGL,2078,9,2026-08-14,2026-09-10,230.89
ARE&M,2073,9,2026-08-14,2026-09-10,230.33
ARVIND,2071,9,2026-08-14,2026-09-10,230.11
ARDEE,2071,9,2026-08-14,2026-09-10,230.11
AKUMS,2071,9,2026-08-14,2026-09-10,230.11
ANANDRATHI,2071,9,2026-08-14,2026-09-10,230.11
ABREL,2070,9,2026-08-14,2026-09-10,230.0
AEROFLEX,2065,9,2026-08-14,2026-09-10,229.44
AJANTPHARM,2062,9,2026-08-14,2026-09-10,229.11
AEQUS,2062,9,2026-08-14,2026-09-10,229.11
APOLLOTYRE,2061,9,2026-08-14,2026-09-10,229.0
AEGISLOG,2061,9,2026-08-14,2026-09-10,229.0
ALLCARGO,2057,9,2026-08-14,2026-09-10,228.56
AETHER,2052,9,2026-08-14,2026-09-10,228.0
ASTRAL,2052,9,2026-08-14,2026-09-10,228.0
ALOKINDS,2051,9,2026-08-14,2026-09-10,227.89
ASHAPURMIN,2049,9,2026-08-14,2026-09-10,227.67
APLAPOLLO,2047,9,2026-08-14,2026-09-10,227.44
AFFLE,2044,9,2026-08-14,2026-09-10,227.11
ANGELONE,2042,9,2026-08-14,2026-09-10,226.89
APOLLOHOSP,2037,9,2026-08-14,2026-09-10,226.33
ASHOKLEY,2035,9,2026-08-14,2026-09-10,226.11
AMBUJACEM,2034,9,2026-08-14,2026-09-10,226.0
AMBER,2033,9,2026-08-14,2026-09-10,225.89
ASAHIINDIA,2030,9,2026-08-14,2026-09-10,225.56
ASKAUTOLTD,2026,9,2026-08-14,2026-09-10,225.11
AIAENG,2026,9,2026-08-14,2026-09-10,225.11
ATLANTAELE,2026,9,2026-08-14,2026-09-10,225.11
AASTHA,2011,9,2026-08-14,2026-09-10,223.44
ALKEM,2011,9,2026-08-14,2026-09-10,223.44
AFCONS,1996,9,2026-08-14,2026-09-10,221.78
ABLBL,1994,9,2026-08-14,2026-09-10,221.56
AMAGI,1987,9,2026-08-14,2026-09-10,220.78
ASIANENE,1986,9,2026-08-14,2026-09-10,220.67
TECHNOCRAF,1981,7,2026-08-17,2026-09-10,283.0
TDPOWERSYS,1980,7,2026-08-17,2026-09-10,282.86
ASIANPAINT,1977,9,2026-08-14,2026-09-10,219.67
ASHOKA,1975,9,2026-08-14,2026-09-10,219.44
SOUTHBANK,1966,7,2026-08-17,2026-09-10,280.86
SKYGOLD,1960,7,2026-08-17,2026-09-10,280.0
STAR,1952,7,2026-08-17,2026-09-10,278.86
SHILPAMED,1950,7,2026-08-17,2026-09-10,278.57
ARTEMISMED,1947,9,2026-08-14,2026-09-10,216.33
SHAKTIPUMP,1942,7,2026-08-17,2026-09-10,277.43
TECHNOE,1941,7,2026-08-17,2026-09-10,277.29
SONATSOFTW,1941,7,2026-08-17,2026-09-10,277.29
TECHM,1939,7,2026-08-17,2026-09-10,277.0
AEGISVOPAK,1938,9,2026-08-14,2026-09-10,215.33
SJS,1938,7,2026-08-17,2026-09-10,276.86
ABBOTINDIA,1937,9,2026-08-14,2026-09-10,215.22
SHAILY,1937,7,2026-08-17,2026-09-10,276.71
SHANTIGOLD,1937,7,2026-08-17,2026-09-10,276.71
SANSERA,1936,7,2026-08-17,2026-09-10,276.57
RENUKA,1936,7,2026-08-17,2026-09-10,276.57
RTNPOWER,1935,7,2026-08-17,2026-09-10,276.43
SUDARSCHEM,1935,7,2026-08-17,2026-09-10,276.43
SHADOWFAX,1933,7,2026-08-17,2026-09-10,276.14
RRKABEL,1932,7,2026-08-17,2026-09-10,276.0
REDINGTON,1931,7,2026-08-17,2026-09-10,275.86
SCI,1929,7,2026-08-17,2026-09-10,275.57
SAMMAANCAP,1929,7,2026-08-17,2026-09-10,275.57
RPOWER,1929,7,2026-08-17,2026-09-10,275.57
AIIL,1929,9,2026-08-14,2026-09-10,214.33
SAILIFE,1927,7,2026-08-17,2026-09-10,275.29
SBIFUNDS,1927,7,2026-08-17,2026-09-10,275.29
AARTIDRUGS,1925,9,2026-08-14,2026-09-10,213.89
RKFORGE,1924,7,2026-08-17,2026-09-10,274.86
SUNPHARMA,1923,7,2026-08-17,2026-09-10,274.71
RBA,1922,7,2026-08-17,2026-09-10,274.57
ROLEXRINGS,1922,7,2026-08-17,2026-09-10,274.57
RATNAVEER,1922,7,2026-08-17,2026-09-10,274.57
SUZLON,1922,7,2026-08-17,2026-09-10,274.57
SONACOMS,1920,7,2026-08-17,2026-09-10,274.29
SIEMENS,1919,7,2026-08-17,2026-09-10,274.14
RALLIS,1918,7,2026-08-17,2026-09-10,274.0
AGL,1917,9,2026-08-14,2026-09-10,213.0
SOLARINDS,1916,7,2026-08-17,2026-09-10,273.71
SRF,1915,7,2026-08-17,2026-09-10,273.57
ASIANTILES,1914,9,2026-08-14,2026-09-10,212.67
RUPA,1913,7,2026-08-17,2026-09-10,273.29
PWL,1911,7,2026-08-17,2026-09-10,273.0
SENCO,1911,7,2026-08-17,2026-09-10,273.0
ARVINDFASN,1910,9,2026-08-14,2026-09-10,212.22
SCHNEIDER,1910,7,2026-08-17,2026-09-10,272.86
SPARC,1909,7,2026-08-17,2026-09-10,272.71
SIGACHI,1908,7,2026-08-17,2026-09-10,272.57
RAIN,1908,7,2026-08-17,2026-09-10,272.57
SEPC,1907,7,2026-08-17,2026-09-10,272.43
PTC,1907,7,2026-08-17,2026-09-10,272.43
RPTECH,1905,7,2026-08-17,2026-09-10,272.14
PARAS,1905,7,2026-08-17,2026-09-10,272.14
AHCL,1905,9,2026-08-14,2026-09-10,211.67
OLAELEC,1905,7,2026-08-17,2026-09-10,272.14
SMLMAH,1905,7,2026-08-17,2026-09-10,272.14
RAYMOND,1904,7,2026-08-17,2026-09-10,272.0
RUBICON,1904,7,2026-08-17,2026-09-10,272.0
PARADEEP,1903,7,2026-08-17,2026-09-10,271.86
STARHEALTH,1902,7,2026-08-17,2026-09-10,271.71
SBCL,1901,7,2026-08-17,2026-09-10,271.57
PINELABS,1901,7,2026-08-17,2026-09-10,271.57
SUPREMEIND,1901,7,2026-08-17,2026-09-10,271.57
PCJEWELLER,1900,7,2026-08-17,2026-09-10,271.43
PIRAMALFIN,1899,7,2026-08-17,2026-09-10,271.29
NTPCGREEN,1899,7,2026-08-17,2026-09-10,271.29
SAGILITY,1899,7,2026-08-17,2026-09-10,271.29
PRICOLLTD,1898,7,2026-08-17,2026-09-10,271.14
PPLPHARMA,1898,7,2026-08-17,2026-09-10,271.14
PVRINOX,1898,7,2026-08-17,2026-09-10,271.14
PNGJL,1898,7,2026-08-17,2026-09-10,271.14
SAREGAMA,1897,7,2026-08-17,2026-09-10,271.0
POONAWALLA,1895,7,2026-08-17,2026-09-10,270.71
SUNTV,1892,7,2026-08-17,2026-09-10,270.29
SUBEXLTD,1892,7,2026-08-17,2026-09-10,270.29
NSLNISP,1891,7,2026-08-17,2026-09-10,270.14
RECLTD,1890,7,2026-08-17,2026-09-10,270.0
SAMHI,1888,7,2026-08-17,2026-09-10,269.71
NLCINDIA,1888,7,2026-08-17,2026-09-10,269.71
RBLBANK,1888,7,2026-08-17,2026-09-10,269.71
NUVAMA,1887,7,2026-08-17,2026-09-10,269.57
SAIL,1886,7,2026-08-17,2026-09-10,269.43
SUPRIYA,1886,7,2026-08-17,2026-09-10,269.43
SCHAEFFLER,1886,7,2026-08-17,2026-09-10,269.43
SBIN,1885,7,2026-08-17,2026-09-10,269.29
AGIIL,1885,9,2026-08-14,2026-09-10,209.44
SBILIFE,1884,7,2026-08-17,2026-09-10,269.14
PRAJIND,1884,7,2026-08-17,2026-09-10,269.14
SBICARD,1883,7,2026-08-17,2026-09-10,269.0
PRECWIRE,1883,7,2026-08-17,2026-09-10,269.0
NETWEB,1883,7,2026-08-17,2026-09-10,269.0
SEDEMAC,1881,7,2026-08-17,2026-09-10,268.71
MSUMI,1880,7,2026-08-17,2026-09-10,268.57
MANIPALHOS,1880,7,2026-08-17,2026-09-10,268.57
RVNL,1880,7,2026-08-17,2026-09-10,268.57
NH,1880,7,2026-08-17,2026-09-10,268.57
OLECTRA,1879,7,2026-08-17,2026-09-10,268.43
QPOWER,1878,7,2026-08-17,2026-09-10,268.29
NEULANDLAB,1878,7,2026-08-17,2026-09-10,268.29
RAILTEL,1877,7,2026-08-17,2026-09-10,268.14
MVELECTRO,1875,7,2026-08-17,2026-09-10,267.86
AHLUCONT,1874,9,2026-08-14,2026-09-10,208.22
PATELENG,1874,7,2026-08-17,2026-09-10,267.71
NCC,1872,7,2026-08-17,2026-09-10,267.43
RADICO,1872,7,2026-08-17,2026-09-10,267.43
PAISALO,1871,7,2026-08-17,2026-09-10,267.29
SAPPHIRE,1869,7,2026-08-17,2026-09-10,267.0
PCBL,1868,7,2026-08-17,2026-09-10,266.86
SBC,1868,7,2026-08-17,2026-09-10,266.86
SOLARA,1868,7,2026-08-17,2026-09-10,266.86
SAMBHV,1866,7,2026-08-17,2026-09-10,266.57
MANINDS,1866,7,2026-08-17,2026-09-10,266.57
PNB,1864,7,2026-08-17,2026-09-10,266.29
POLYCAB,1863,7,2026-08-17,2026-09-10,266.14
OIL,1863,7,2026-08-17,2026-09-10,266.14
OMNI,1863,7,2026-08-17,2026-09-10,266.14
POLICYBZR,1863,7,2026-08-17,2026-09-10,266.14
PREMIERENE,1863,7,2026-08-17,2026-09-10,266.14
RCF,1863,7,2026-08-17,2026-09-10,266.14
MANYAVAR,1862,7,2026-08-17,2026-09-10,266.0
PAYTM,1862,7,2026-08-17,2026-09-10,266.0
ONGC,1861,7,2026-08-17,2026-09-10,265.86
MANORAMA,1861,7,2026-08-17,2026-09-10,265.86
RATEGAIN,1860,7,2026-08-17,2026-09-10,265.71
PNBHOUSING,1860,7,2026-08-17,2026-09-10,265.71
OFSS,1859,7,2026-08-17,2026-09-10,265.57
PHOENIXLTD,1858,7,2026-08-17,2026-09-10,265.43
NIACL,1858,7,2026-08-17,2026-09-10,265.43
OBEROIRLTY,1858,7,2026-08-17,2026-09-10,265.43
OSWALPUMPS,1857,7,2026-08-17,2026-09-10,265.29
MIDHANI,1857,7,2026-08-17,2026-09-10,265.29
NYKAA,1857,7,2026-08-17,2026-09-10,265.29
PFC,1857,7,2026-08-17,2026-09-10,265.29
NTPC,1856,7,2026-08-17,2026-09-10,265.14
PIDILITIND,1856,7,2026-08-17,2026-09-10,265.14
MARINE,1855,7,2026-08-17,2026-09-10,265.0
NEWGEN,1855,7,2026-08-17,2026-09-10,265.0
POWERGRID,1855,7,2026-08-17,2026-09-10,265.0
HCC,1854,8,2026-08-17,2026-09-10,231.75
PETRONET,1854,7,2026-08-17,2026-09-10,264.86
PERSISTENT,1853,7,2026-08-17,2026-09-10,264.71
POWERINDIA,1853,7,2026-08-17,2026-09-10,264.71
PGEL,1852,7,2026-08-17,2026-09-10,264.57
SHARDACROP,1852,7,2026-08-17,2026-09-10,264.57
NMDC,1851,7,2026-08-17,2026-09-10,264.43
HBLENGINE,1850,8,2026-08-17,2026-09-10,231.25
SANGHVIMOV,1850,7,2026-08-17,2026-09-10,264.29
SARDAEN,1850,7,2026-08-17,2026-09-10,264.29
POCL,1846,7,2026-08-17,2026-09-10,263.71
ATUL,1846,9,2026-08-14,2026-09-10,205.11
PNCINFRA,1846,7,2026-08-17,2026-09-10,263.71
GRANULES,1845,8,2026-08-17,2026-09-10,230.63
AEROENTER,1843,9,2026-08-14,2026-09-10,204.78
PRESTIGE,1841,7,2026-08-17,2026-09-10,263.0
QUESS,1840,7,2026-08-17,2026-09-10,262.86
MFSL,1839,7,2026-08-17,2026-09-10,262.71
FINCABLES,1839,8,2026-08-17,2026-09-10,229.88
SHYAMMETL,1839,7,2026-08-17,2026-09-10,262.71
GRAPHITE,1839,8,2026-08-17,2026-09-10,229.88
NESTLEIND,1839,7,2026-08-17,2026-09-10,262.71
ONESOURCE,1838,7,2026-08-17,2026-09-10,262.57
MUTHOOTFIN,1838,7,2026-08-17,2026-09-10,262.57
PARACABLES,1838,7,2026-08-17,2026-09-10,262.57
POLYMED,1838,7,2026-08-17,2026-09-10,262.57
NHPC,1838,7,2026-08-17,2026-09-10,262.57
SUVEN,1837,7,2026-08-17,2026-09-10,262.43
METROPOLIS,1837,7,2026-08-17,2026-09-10,262.43
RITES,1835,7,2026-08-17,2026-09-10,262.14
MARKSANS,1834,7,2026-08-17,2026-09-10,262.0
MARICO,1834,7,2026-08-17,2026-09-10,262.0
MOSCHIP,1834,7,2026-08-17,2026-09-10,262.0
SULA,1834,7,2026-08-17,2026-09-10,262.0
SENORES,1834,7,2026-08-17,2026-09-10,262.0
RAYMONDLSL,1834,7,2026-08-17,2026-09-10,262.0
MINDACORP,1833,7,2026-08-17,2026-09-10,261.86
MOREPENLAB,1833,7,2026-08-17,2026-09-10,261.86
NETWORK18,1832,7,2026-08-17,2026-09-10,261.71
SWANCORP,1832,7,2026-08-17,2026-09-10,261.71
PIIND,1831,7,2026-08-17,2026-09-10,261.57
SUDEEPPHRM,1831,7,2026-08-17,2026-09-10,261.57
GMDCLTD,1831,8,2026-08-17,2026-09-10,228.88
GREAVESCOT,1831,8,2026-08-17,2026-09-10,228.88
SALASAR,1830,7,2026-08-17,2026-09-10,261.43
ADFFOODS,1830,9,2026-08-14,2026-09-10,203.33
FCL,1829,8,2026-08-17,2026-09-10,228.63
NAVINFLUOR,1829,7,2026-08-17,2026-09-10,261.29
NATCOPHARM,1828,7,2026-08-17,2026-09-10,261.14
EXIDEIND,1828,8,2026-08-17,2026-09-10,228.5
RATNAMANI,1827,7,2026-08-17,2026-09-10,261.0
ACI,1825,9,2026-08-14,2026-09-10,202.78
SOTL,1825,7,2026-08-17,2026-09-10,260.71
ALIVUS,1824,9,2026-08-14,2026-09-10,202.67
SSWL,1822,7,2026-08-17,2026-09-10,260.29
GLAND,1821,8,2026-08-17,2026-09-10,227.63
GNFC,1820,8,2026-08-17,2026-09-10,227.5
MSTCLTD,1819,7,2026-08-17,2026-09-10,259.86
PTCIL,1816,7,2026-08-17,2026-09-10,259.43
GRAVITA,1816,8,2026-08-17,2026-09-10,227.0
GABRIEL,1815,8,2026-08-17,2026-09-10,226.88
GANDHAR,1814,8,2026-08-17,2026-09-10,226.75
SGMART,1814,7,2026-08-17,2026-09-10,259.14
APEX,1814,9,2026-08-14,2026-09-10,201.56
MANKIND,1814,7,2026-08-17,2026-09-10,259.14
ENRIN,1811,8,2026-08-17,2026-09-10,226.38
RSYSTEMS,1809,7,2026-08-17,2026-09-10,258.43
ENGINERSIN,1809,8,2026-08-17,2026-09-10,226.13
HAVELLS,1808,8,2026-08-17,2026-09-10,226.0
SFL,1807,7,2026-08-17,2026-09-10,258.14
OMAXE,1807,7,2026-08-17,2026-09-10,258.14
PAGEIND,1805,7,2026-08-17,2026-09-10,257.86
ANDHRSUGAR,1805,9,2026-08-14,2026-09-10,200.56
GREENPOWER,1804,8,2026-08-17,2026-09-10,225.5
MEDANTA,1804,7,2026-08-17,2026-09-10,257.71
EMMVEE,1803,8,2026-08-17,2026-09-10,225.38
GRASIM,1802,8,2026-08-17,2026-09-10,225.25
RTNINDIA,1801,7,2026-08-17,2026-09-10,257.29
ALKYLAMINE,1800,9,2026-08-14,2026-09-10,200.0
SHILCTECH,1798,7,2026-08-17,2026-09-10,256.86
AGARWALEYE,1798,9,2026-08-14,2026-09-10,199.78
SUNDARMFIN,1798,7,2026-08-17,2026-09-10,256.86
GANECOS,1797,8,2026-08-17,2026-09-10,224.63
NAM-INDIA,1797,7,2026-08-17,2026-09-10,256.71
ELGIEQUIP,1797,8,2026-08-17,2026-09-10,224.63
PATANJALI,1796,7,2026-08-17,2026-09-10,256.57
MOIL,1796,7,2026-08-17,2026-09-10,256.57
ENDURANCE,1794,8,2026-08-17,2026-09-10,224.25
EQUITASBNK,1794,8,2026-08-17,2026-09-10,224.25
MARUTI,1793,7,2026-08-17,2026-09-10,256.14
FSL,1792,8,2026-08-17,2026-09-10,224.0
DATAPATTNS,1792,8,2026-08-17,2026-09-10,224.0
EMCURE,1791,8,2026-08-17,2026-09-10,223.88
GMRAIRPORT,1791,8,2026-08-17,2026-09-10,223.88
NBCC,1791,7,2026-08-17,2026-09-10,255.86
CPPLUS,1791,8,2026-08-17,2026-09-10,223.88
EMAMILTD,1791,8,2026-08-17,2026-09-10,223.88
GAIL,1790,8,2026-08-17,2026-09-10,223.75
MCX,1790,7,2026-08-17,2026-09-10,255.71
SPAL,1789,7,2026-08-17,2026-09-10,255.57
NRBBEARING,1789,7,2026-08-17,2026-09-10,255.57
NAUKRI,1788,7,2026-08-17,2026-09-10,255.43
CMSINFO,1788,8,2026-08-17,2026-09-10,223.5
EASEMYTRIP,1787,8,2026-08-17,2026-09-10,223.38
CYIENTDLM,1786,8,2026-08-17,2026-09-10,223.25
CUPID,1786,8,2026-08-17,2026-09-10,223.25
DEEPAKNTR,1786,8,2026-08-17,2026-09-10,223.25
NATIONALUM,1786,7,2026-08-17,2026-09-10,255.14
DECNGOLD,1786,8,2026-08-17,2026-09-10,223.25
NUVOCO,1786,7,2026-08-17,2026-09-10,255.14
MGL,1785,7,2026-08-17,2026-09-10,255.0
EDELWEISS,1785,8,2026-08-17,2026-09-10,223.13
PGIL,1785,7,2026-08-17,2026-09-10,255.0
PACEDIGITK,1784,7,2026-08-17,2026-09-10,254.86
CYIENT,1784,8,2026-08-17,2026-09-10,223.0
MAZDOCK,1784,7,2026-08-17,2026-09-10,254.86
EMIL,1784,8,2026-08-17,2026-09-10,223.0
EPL,1784,8,2026-08-17,2026-09-10,223.0
CUB,1783,8,2026-08-17,2026-09-10,222.88
MAXHEALTH,1783,7,2026-08-17,2026-09-10,254.71
ELECTCAST,1783,8,2026-08-17,2026-09-10,222.88
MOLBIO,1782,7,2026-08-17,2026-09-10,254.57
CONCORDBIO,1782,8,2026-08-17,2026-09-10,222.75
EBGNG,1782,8,2026-08-17,2026-09-10,222.75
EXICOM,1782,8,2026-08-17,2026-09-10,222.75
SANDUMA,1781,7,2026-08-17,2026-09-10,254.43
DEVYANI,1780,8,2026-08-17,2026-09-10,222.5
EIDPARRY,1780,8,2026-08-17,2026-09-10,222.5
ETERNAL,1779,8,2026-08-17,2026-09-10,222.38
GLENMARK,1777,8,2026-08-17,2026-09-10,222.13
CHENNPETRO,1777,8,2026-08-17,2026-09-10,222.13
SUMICHEM,1777,7,2026-08-17,2026-09-10,253.86
PFIZER,1776,7,2026-08-17,2026-09-10,253.71
COHANCE,1776,8,2026-08-17,2026-09-10,222.0
ROSSTECH,1775,7,2026-08-17,2026-09-10,253.57
RAINBOW,1775,7,2026-08-17,2026-09-10,253.57
RELAXO,1774,7,2026-08-17,2026-09-10,253.43
PARAGMILK,1772,7,2026-08-17,2026-09-10,253.14
RAMCOCEM,1772,7,2026-08-17,2026-09-10,253.14
NORTHARC,1771,7,2026-08-17,2026-09-10,253.0
DCBBANK,1771,8,2026-08-17,2026-09-10,221.38
MRPL,1770,7,2026-08-17,2026-09-10,252.86
CGCL,1769,8,2026-08-17,2026-09-10,221.13
DYCL,1768,8,2026-08-17,2026-09-10,221.0
FIEMIND,1768,8,2026-08-17,2026-09-10,221.0
MEESHO,1767,7,2026-08-17,2026-09-10,252.43
CESC,1767,8,2026-08-17,2026-09-10,220.88
DEEPAKFERT,1767,8,2026-08-17,2026-09-10,220.88
CENTRALBK,1767,8,2026-08-17,2026-09-10,220.88
SPANDANA,1767,7,2026-08-17,2026-09-10,252.43
GNA,1767,8,2026-08-17,2026-09-10,220.88
EIEL,1766,8,2026-08-17,2026-09-10,220.75
ECLERX,1766,8,2026-08-17,2026-09-10,220.75
ADVAIT,1765,9,2026-08-14,2026-09-10,196.11
MOTISONS,1764,7,2026-08-17,2026-09-10,252.0
SUNDRMFAST,1764,7,2026-08-17,2026-09-10,252.0
BEML,1762,8,2026-08-17,2026-09-10,220.25
ELITECON,1761,8,2026-08-17,2026-09-10,220.13
PROTEAN,1761,7,2026-08-17,2026-09-10,251.57
CHAMBLFERT,1761,8,2026-08-17,2026-09-10,220.13
BAJAJHIND,1760,8,2026-08-17,2026-09-10,220.0
BERGEPAINT,1760,8,2026-08-17,2026-09-10,220.0
BELRISE,1759,8,2026-08-17,2026-09-10,219.88
NAZARA,1759,7,2026-08-17,2026-09-10,251.29
BHARATCOAL,1758,8,2026-08-17,2026-09-10,219.75
BAJAJHFL,1758,8,2026-08-17,2026-09-10,219.75
GTLINFRA,1758,8,2026-08-17,2026-09-10,219.75
GENESYS,1758,8,2026-08-17,2026-09-10,219.75
APCOTEXIND,1756,9,2026-08-14,2026-09-10,195.11
FILATEX,1755,8,2026-08-17,2026-09-10,219.38
SAKAR,1755,7,2026-08-17,2026-09-10,250.71
DRREDDY,1754,8,2026-08-17,2026-09-10,219.25
BECTORFOOD,1754,8,2026-08-17,2026-09-10,219.25
CCAVENUE,1753,8,2026-08-17,2026-09-10,219.13
CASTROLIND,1752,8,2026-08-17,2026-09-10,219.0
RICOAUTO,1752,7,2026-08-17,2026-09-10,250.29
CONCOR,1752,8,2026-08-17,2026-09-10,219.0
BAJAJCON,1751,8,2026-08-17,2026-09-10,218.88
ANTELOPUS,1751,9,2026-08-14,2026-09-10,194.56
RISHABH,1751,7,2026-08-17,2026-09-10,250.14
AZAD,1751,8,2026-08-17,2026-09-10,218.88
NEOGEN,1751,7,2026-08-17,2026-09-10,250.14
GRSE,1750,8,2026-08-17,2026-09-10,218.75
CARTRADE,1749,8,2026-08-17,2026-09-10,218.63
GROWW,1749,8,2026-08-17,2026-09-10,218.63
COFORGE,1749,8,2026-08-17,2026-09-10,218.63
PRIVISCL,1748,7,2026-08-17,2026-09-10,249.71
ARIS,1748,9,2026-08-14,2026-09-10,194.22
SOBHA,1748,7,2026-08-17,2026-09-10,249.71
COALINDIA,1748,8,2026-08-17,2026-09-10,218.5
FILATFASH,1748,8,2026-08-17,2026-09-10,218.5
BLUESTONE,1747,8,2026-08-17,2026-09-10,218.38
COCHINSHIP,1747,8,2026-08-17,2026-09-10,218.38
CLEAN,1746,8,2026-08-17,2026-09-10,218.25
EICHERMOT,1745,8,2026-08-17,2026-09-10,218.13
DHOOTTRANS,1745,8,2026-08-17,2026-09-10,218.13
DABUR,1744,8,2026-08-17,2026-09-10,218.0
GOLDIAM,1743,8,2026-08-17,2026-09-10,217.88
RAYMONDREL,1743,7,2026-08-17,2026-09-10,249.0
BSOFT,1742,8,2026-08-17,2026-09-10,217.75
AWL,1742,8,2026-08-17,2026-09-10,217.75
ERIS,1742,8,2026-08-17,2026-09-10,217.75
CROMPTON,1742,8,2026-08-17,2026-09-10,217.75
CUMMINSIND,1741,8,2026-08-17,2026-09-10,217.63
DELHIVERY,1741,8,2026-08-17,2026-09-10,217.63
CIPLA,1740,8,2026-08-17,2026-09-10,217.5
MASFIN,1740,7,2026-08-17,2026-09-10,248.57
DAVANGERE,1740,8,2026-08-17,2026-09-10,217.5
CRAMC,1740,8,2026-08-17,2026-09-10,217.5
NACLIND,1739,7,2026-08-17,2026-09-10,248.43
CRAFTSMAN,1739,8,2026-08-17,2026-09-10,217.38
GICRE,1739,8,2026-08-17,2026-09-10,217.38
HAL,1739,8,2026-08-17,2026-09-10,217.38
PANAMAPET,1738,7,2026-08-17,2026-09-10,248.29
AVALON,1738,8,2026-08-17,2026-09-10,217.25
GLAXO,1737,8,2026-08-17,2026-09-10,217.13
FEDERALBNK,1737,8,2026-08-17,2026-09-10,217.13
PICCADIL,1737,7,2026-08-17,2026-09-10,248.14
GODREJCP,1736,8,2026-08-17,2026-09-10,217.0
GVT&D,1736,8,2026-08-17,2026-09-10,217.0
CHOLAFIN,1736,8,2026-08-17,2026-09-10,217.0
GODREJPROP,1735,8,2026-08-17,2026-09-10,216.88
ALEMBICLTD,1735,9,2026-08-14,2026-09-10,192.78
FRACTAL,1735,8,2026-08-17,2026-09-10,216.88
ESCORTS,1734,8,2026-08-17,2026-09-10,216.75
COROMANDEL,1733,8,2026-08-17,2026-09-10,216.63
CGPOWER,1733,8,2026-08-17,2026-09-10,216.63
BLS,1733,8,2026-08-17,2026-09-10,216.63
CORDELIA,1732,8,2026-08-17,2026-09-10,216.5
FIVESTAR,1732,8,2026-08-17,2026-09-10,216.5
APLLTD,1732,9,2026-08-14,2026-09-10,192.44
MAPMYINDIA,1732,7,2026-08-17,2026-09-10,247.43
AVANTIFEED,1731,8,2026-08-17,2026-09-10,216.38
GAEL,1731,8,2026-08-17,2026-09-10,216.38
FINPIPE,1729,8,2026-08-17,2026-09-10,216.13
SERVOTECH,1729,7,2026-08-17,2026-09-10,247.0
BCG,1727,8,2026-08-17,2026-09-10,215.88
SANDHAR,1727,7,2026-08-17,2026-09-10,246.71
DWARKESH,1727,8,2026-08-17,2026-09-10,215.88
SURYAROSNI,1726,7,2026-08-17,2026-09-10,246.57
SBFC,1726,7,2026-08-17,2026-09-10,246.57
RPEL,1726,7,2026-08-17,2026-09-10,246.57
BPCL,1725,8,2026-08-17,2026-09-10,215.63
SURAKSHA,1725,7,2026-08-17,2026-09-10,246.43
APOLLOPIPE,1724,9,2026-08-14,2026-09-10,191.56
MANAPPURAM,1723,7,2026-08-17,2026-09-10,246.14
MPHASIS,1722,7,2026-08-17,2026-09-10,246.0
CREDITACC,1721,8,2026-08-17,2026-09-10,215.13
NIVABUPA,1721,7,2026-08-17,2026-09-10,245.86
CMRGREEN,1721,8,2026-08-17,2026-09-10,215.13
PITTIENG,1721,7,2026-08-17,2026-09-10,245.86
MASTEK,1720,7,2026-08-17,2026-09-10,245.71
BEL,1720,8,2026-08-17,2026-09-10,215.0
GODFRYPHLP,1719,8,2026-08-17,2026-09-10,214.88
GOKEX,1719,8,2026-08-17,2026-09-10,214.88
DHAMPURSUG,1719,8,2026-08-17,2026-09-10,214.88
CDSL,1718,8,2026-08-17,2026-09-10,214.75
SGFIN,1717,7,2026-08-17,2026-09-10,245.29
BAJAJFINSV,1717,8,2026-08-17,2026-09-10,214.63
BHARATFORG,1717,8,2026-08-17,2026-09-10,214.63
BORORENEW,1717,8,2026-08-17,2026-09-10,214.63
BBOX,1716,8,2026-08-17,2026-09-10,214.5
SARVESHWAR,1716,7,2026-08-17,2026-09-10,245.14
CHALET,1716,8,2026-08-17,2026-09-10,214.5
DEEPINDS,1715,8,2026-08-17,2026-09-10,214.38
PARKHOSPS,1715,7,2026-08-17,2026-09-10,245.0
RAMRAT,1715,7,2026-08-17,2026-09-10,245.0
BDL,1715,8,2026-08-17,2026-09-10,214.38
BAJAJ-AUTO,1715,8,2026-08-17,2026-09-10,214.38
EPACK,1714,8,2026-08-17,2026-09-10,214.25
DODLA,1714,8,2026-08-17,2026-09-10,214.25
BLACKBUCK,1714,8,2026-08-17,2026-09-10,214.25
BAJFINANCE,1714,8,2026-08-17,2026-09-10,214.25
GSFC,1714,8,2026-08-17,2026-09-10,214.25
M&MFIN,1713,7,2026-08-17,2026-09-10,244.71
ALPINETEX,1713,9,2026-08-14,2026-09-10,190.33
PVP,1712,7,2026-08-17,2026-09-10,244.57
FUSION,1711,8,2026-08-17,2026-09-10,213.88
FIRSTCRY,1710,8,2026-08-17,2026-09-10,213.75
CONFIPET,1710,8,2026-08-17,2026-09-10,213.75
AXISBANK,1710,8,2026-08-17,2026-09-10,213.75
EPACKPEB,1709,8,2026-08-17,2026-09-10,213.63
FLUOROCHEM,1709,8,2026-08-17,2026-09-10,213.63
MMTC,1708,7,2026-08-17,2026-09-10,244.0
BHEL,1708,8,2026-08-17,2026-09-10,213.5
QUADFUTURE,1708,7,2026-08-17,2026-09-10,244.0
CAMS,1708,8,2026-08-17,2026-09-10,213.5
LTFOODS,1708,7,2026-08-17,2026-09-10,244.0
FORTIS,1708,8,2026-08-17,2026-09-10,213.5
CANBK,1707,8,2026-08-17,2026-09-10,213.38
BLUESTARCO,1707,8,2026-08-17,2026-09-10,213.38
PSB,1706,7,2026-08-17,2026-09-10,243.71
MBEL,1706,7,2026-08-17,2026-09-10,243.71
SHUKRAPHAR,1706,7,2026-08-17,2026-09-10,243.71
ELECON,1705,8,2026-08-17,2026-09-10,213.13
WELCORP,1704,6,2026-08-17,2026-09-10,284.0
ELLEN,1704,8,2026-08-17,2026-09-10,213.0
MANINFRA,1704,7,2026-08-17,2026-09-10,243.43
BHARTIARTL,1703,8,2026-08-17,2026-09-10,212.88
WELSPUNLIV,1703,6,2026-08-17,2026-09-10,283.83
LALPATHLAB,1703,7,2026-08-17,2026-09-10,243.29
CAPLIPOINT,1702,8,2026-08-17,2026-09-10,212.75
BIOCON,1702,8,2026-08-17,2026-09-10,212.75
ZENSARTECH,1702,6,2026-08-17,2026-09-10,283.67
ZEEL,1702,6,2026-08-17,2026-09-10,283.67
WOCKPHARMA,1702,6,2026-08-17,2026-09-10,283.67
NEPHROPLUS,1701,7,2026-08-17,2026-09-10,243.0
GODIGIT,1701,8,2026-08-17,2026-09-10,212.63
BHARTIHEXA,1699,8,2026-08-17,2026-09-10,212.38
WABAG,1699,6,2026-08-17,2026-09-10,283.17
CARRARO,1697,8,2026-08-17,2026-09-10,212.13
AUROPHARMA,1695,8,2026-08-17,2026-09-10,211.88
WEBELSOLAR,1694,6,2026-08-17,2026-09-10,282.33
ZENTEC,1694,6,2026-08-17,2026-09-10,282.33
AUBANK,1694,8,2026-08-17,2026-09-10,211.75
EMPOWER,1694,8,2026-08-17,2026-09-10,211.75
ZAGGLE,1693,6,2026-08-17,2026-09-10,282.17
VOGL,1693,6,2026-08-17,2026-09-10,282.17
KWIL,1693,7,2026-08-17,2026-09-10,241.86
DALBHARAT,1693,8,2026-08-17,2026-09-10,211.63
WHIRLPOOL,1693,6,2026-08-17,2026-09-10,282.17
DEEDEV,1693,8,2026-08-17,2026-09-10,211.63
BEPL,1692,8,2026-08-17,2026-09-10,211.5
JYOTICNC,1692,7,2026-08-17,2026-09-10,241.71
FORCEMOT,1690,8,2026-08-17,2026-09-10,211.25
KIRLOSENG,1690,7,2026-08-17,2026-09-10,241.43
MAHABANK,1689,7,2026-08-17,2026-09-10,241.29
VISL,1689,6,2026-08-17,2026-09-10,281.5
STEELXIND,1689,7,2026-08-17,2026-09-10,241.29
LGEINDIA,1688,7,2026-08-17,2026-09-10,241.14
CMPDI,1688,8,2026-08-17,2026-09-10,211.0
KTKBANK,1688,7,2026-08-17,2026-09-10,241.14
ARMANFIN,1688,9,2026-08-14,2026-09-10,187.56
MOBIKWIK,1688,7,2026-08-17,2026-09-10,241.14
CLEANMAX,1688,8,2026-08-17,2026-09-10,211.0
LENSKART,1687,7,2026-08-17,2026-09-10,241.0
PFOCUS,1687,7,2026-08-17,2026-09-10,241.0
DLF,1687,8,2026-08-17,2026-09-10,210.88
LEMONTREE,1686,7,2026-08-17,2026-09-10,240.86
GMMPFAUDLR,1686,8,2026-08-17,2026-09-10,210.75
JSWINFRA,1686,7,2026-08-17,2026-09-10,240.86
DIXON,1685,8,2026-08-17,2026-09-10,210.63
LLOYDSENGG,1685,7,2026-08-17,2026-09-10,240.71
AVANTEL,1685,8,2026-08-17,2026-09-10,210.63
VIYASH,1685,6,2026-08-17,2026-09-10,280.83
LUMAXTECH,1685,7,2026-08-17,2026-09-10,240.71
BATAINDIA,1685,8,2026-08-17,2026-09-10,210.63
GALAXYSURF,1684,8,2026-08-17,2026-09-10,210.5
TRIDENT,1684,6,2026-08-17,2026-09-10,280.67
DMART,1684,8,2026-08-17,2026-09-10,210.5
KEC,1684,7,2026-08-17,2026-09-10,240.57
MOTHERSON,1684,7,2026-08-17,2026-09-10,240.57
LEAPIND,1683,7,2026-08-17,2026-09-10,240.43
KARURVYSYA,1683,7,2026-08-17,2026-09-10,240.43
DIVISLAB,1682,8,2026-08-17,2026-09-10,210.25
TRITURBINE,1682,6,2026-08-17,2026-09-10,280.33
MOTILALOFS,1682,7,2026-08-17,2026-09-10,240.29
AGI,1682,9,2026-08-14,2026-09-10,186.89
JYOTHYLAB,1681,7,2026-08-17,2026-09-10,240.14
EMBDL,1681,8,2026-08-17,2026-09-10,210.13
KPIGREEN,1681,7,2026-08-17,2026-09-10,240.14
LLOYDSME,1681,7,2026-08-17,2026-09-10,240.14
NELCO,1681,7,2026-08-17,2026-09-10,240.14
XTRANET,1680,6,2026-08-17,2026-09-10,280.0
JPPOWER,1680,7,2026-08-17,2026-09-10,240.0
URBANCO,1680,6,2026-08-17,2026-09-10,280.0
CEMPRO,1680,8,2026-08-17,2026-09-10,210.0
REFEX,1679,7,2026-08-17,2026-09-10,239.86
COLPAL,1678,8,2026-08-17,2026-09-10,209.75
CEATLTD,1676,8,2026-08-17,2026-09-10,209.5
JSWCEMENT,1676,7,2026-08-17,2026-09-10,239.43
ZYDUSLIFE,1676,6,2026-08-17,2026-09-10,279.33
SAKSOFT,1675,7,2026-08-17,2026-09-10,239.29
ENTERO,1675,8,2026-08-17,2026-09-10,209.38
BOSCHLTD,1674,8,2026-08-17,2026-09-10,209.25
MAHSEAMLES,1674,7,2026-08-17,2026-09-10,239.14
GREENPANEL,1673,8,2026-08-17,2026-09-10,209.13
AXISCADES,1673,8,2026-08-17,2026-09-10,209.13
WIPRO,1673,6,2026-08-17,2026-09-10,278.83
BLUEJET,1673,8,2026-08-17,2026-09-10,209.13
YESBANK,1672,6,2026-08-17,2026-09-10,278.67
THANGAMAYL,1672,6,2026-08-17,2026-09-10,278.67
BALRAMCHIN,1671,8,2026-08-17,2026-09-10,208.88
KIMS,1671,7,2026-08-17,2026-09-10,238.71
WAAREEENER,1671,6,2026-08-17,2026-09-10,278.5
M&M,1670,7,2026-08-17,2026-09-10,238.57
JWL,1670,7,2026-08-17,2026-09-10,238.57
RELIGARE,1670,7,2026-08-17,2026-09-10,238.57
KERNEX,1670,7,2026-08-17,2026-09-10,238.57
LUPIN,1669,7,2026-08-17,2026-09-10,238.43
LTF,1668,7,2026-08-17,2026-09-10,238.29
KALYANKJIL,1668,7,2026-08-17,2026-09-10,238.29
BALAMINES,1668,8,2026-08-17,2026-09-10,208.5
DCXINDIA,1668,8,2026-08-17,2026-09-10,208.5
BALUFORGE,1667,8,2026-08-17,2026-09-10,208.38
KSHINTL,1667,7,2026-08-17,2026-09-10,238.14
HINDCOPPER,1666,7,2026-08-17,2026-09-10,238.0
IPCALAB,1666,7,2026-08-17,2026-09-10,238.0
LTM,1666,7,2026-08-17,2026-09-10,238.0
INOXINDIA,1665,7,2026-08-17,2026-09-10,237.86
VMM,1665,6,2026-08-17,2026-09-10,277.5
AYE,1665,8,2026-08-17,2026-09-10,208.13
EMSLIMITED,1665,8,2026-08-17,2026-09-10,208.13
ADOR,1665,9,2026-08-14,2026-09-10,185.0
IOLCP,1664,7,2026-08-17,2026-09-10,237.71
CENTUM,1664,8,2026-08-17,2026-09-10,208.0
IFCI,1663,7,2026-08-17,2026-09-10,237.57
KPIL,1663,7,2026-08-17,2026-09-10,237.57
VTL,1663,6,2026-08-17,2026-09-10,277.17
CMLL,1662,8,2026-08-17,2026-09-10,207.75
VOLTAS,1662,6,2026-08-17,2026-09-10,277.0
UNOMINDA,1662,6,2026-08-17,2026-09-10,277.0
JMFINANCIL,1661,7,2026-08-17,2026-09-10,237.29
LTTS,1661,7,2026-08-17,2026-09-10,237.29
IOB,1660,7,2026-08-17,2026-09-10,237.14
KPRMILL,1660,7,2026-08-17,2026-09-10,237.14
IIFL,1659,7,2026-08-17,2026-09-10,237.0
RHIM,1659,7,2026-08-17,2026-09-10,237.0
IDBI,1659,7,2026-08-17,2026-09-10,237.0
HUDCO,1658,7,2026-08-17,2026-09-10,236.86
BALKRISIND,1658,8,2026-08-17,2026-09-10,207.25
ORCHPHARMA,1658,7,2026-08-17,2026-09-10,236.86
J&KBANK,1658,7,2026-08-17,2026-09-10,236.86
KMEW,1657,7,2026-08-17,2026-09-10,236.71
HSCL,1657,7,2026-08-17,2026-09-10,236.71
JKTYRE,1657,7,2026-08-17,2026-09-10,236.71
CHOLAHLDNG,1657,8,2026-08-17,2026-09-10,207.13
INDOMIM,1656,7,2026-08-17,2026-09-10,236.57
20MICRONS,1656,9,2026-08-14,2026-09-10,184.0
IRCTC,1656,7,2026-08-17,2026-09-10,236.57
IGL,1656,7,2026-08-17,2026-09-10,236.57
IRCON,1655,7,2026-08-17,2026-09-10,236.43
UPL,1655,6,2026-08-17,2026-09-10,275.83
KRBL,1655,7,2026-08-17,2026-09-10,236.43
IRB,1655,7,2026-08-17,2026-09-10,236.43
SHARDAMOTR,1654,7,2026-08-17,2026-09-10,236.29
JSL,1654,7,2026-08-17,2026-09-10,236.29
GANGAFORGE,1654,8,2026-08-17,2026-09-10,206.75
ITCHOTELS,1654,7,2026-08-17,2026-09-10,236.29
MHRIL,1653,7,2026-08-17,2026-09-10,236.14
LT,1653,7,2026-08-17,2026-09-10,236.14
ICICIAMC,1653,7,2026-08-17,2026-09-10,236.14
KNRCON,1653,7,2026-08-17,2026-09-10,236.14
GMRP&UI,1653,8,2026-08-17,2026-09-10,206.63
GRWRHITECH,1653,8,2026-08-17,2026-09-10,206.63
JINDALSAW,1652,7,2026-08-17,2026-09-10,236.0
IDEAFORGE,1652,7,2026-08-17,2026-09-10,236.0
DALMIASUG,1652,8,2026-08-17,2026-09-10,206.5
IBULLSLTD,1652,7,2026-08-17,2026-09-10,236.0
KOTAKBANK,1652,7,2026-08-17,2026-09-10,236.0
ZFCVINDIA,1651,6,2026-08-17,2026-09-10,275.17
WAAREERTL,1651,6,2026-08-17,2026-09-10,275.17
JINDRILL,1650,7,2026-08-17,2026-09-10,235.71
SIS,1650,7,2026-08-17,2026-09-10,235.71
LODHA,1648,7,2026-08-17,2026-09-10,235.43
VINCOFE,1648,6,2026-08-17,2026-09-10,274.67
IKS,1648,7,2026-08-17,2026-09-10,235.43
JAMNAAUTO,1648,7,2026-08-17,2026-09-10,235.43
STYLAMIND,1647,7,2026-08-17,2026-09-10,235.29
CIEINDIA,1647,8,2026-08-17,2026-09-10,205.88
LAURUSLABS,1647,7,2026-08-17,2026-09-10,235.29
LXCHEM,1647,7,2026-08-17,2026-09-10,235.29
GRAUWEIL,1647,8,2026-08-17,2026-09-10,205.88
MCLOUD,1647,7,2026-08-17,2026-09-10,235.29
GATEWAY,1646,8,2026-08-17,2026-09-10,205.75
YATHARTH,1646,6,2026-08-17,2026-09-10,274.33
JUBLPHARMA,1645,7,2026-08-17,2026-09-10,235.0
JUBLFOOD,1645,7,2026-08-17,2026-09-10,235.0
JSWSTEEL,1645,7,2026-08-17,2026-09-10,235.0
CCL,1645,8,2026-08-17,2026-09-10,205.63
KPITTECH,1644,7,2026-08-17,2026-09-10,234.86
BSE,1644,8,2026-08-17,2026-09-10,205.5
JTLIND,1644,7,2026-08-17,2026-09-10,234.86
NFL,1642,7,2026-08-17,2026-09-10,234.57
MUNJALAU,1642,7,2026-08-17,2026-09-10,234.57
KAYNES,1642,7,2026-08-17,2026-09-10,234.57
HAPPSTMNDS,1642,7,2026-08-17,2026-09-10,234.57
RHETAN,1642,7,2026-08-17,2026-09-10,234.57
LICI,1642,7,2026-08-17,2026-09-10,234.57
LICHSGFIN,1642,7,2026-08-17,2026-09-10,234.57
JAYNECOIND,1642,7,2026-08-17,2026-09-10,234.57
GESHIP,1641,7,2026-08-17,2026-09-10,234.43
DELTACORP,1641,8,2026-08-17,2026-09-10,205.13
GIPCL,1641,8,2026-08-17,2026-09-10,205.13
JSWENERGY,1641,7,2026-08-17,2026-09-10,234.43
CELLO,1641,8,2026-08-17,2026-09-10,205.13
GVPIL,1641,8,2026-08-17,2026-09-10,205.13
RGL,1640,7,2026-08-17,2026-09-10,234.29
USHAMART,1640,6,2026-08-17,2026-09-10,273.33
GKENERGY,1640,8,2026-08-17,2026-09-10,205.0
BRITANNIA,1640,8,2026-08-17,2026-09-10,205.0
KFINTECH,1639,7,2026-08-17,2026-09-10,234.14
YATRA,1639,6,2026-08-17,2026-09-10,273.17
MTNL,1639,7,2026-08-17,2026-09-10,234.14
HONASA,1639,7,2026-08-17,2026-09-10,234.14
MARSONS,1639,7,2026-08-17,2026-09-10,234.14
RAMBHAJO,1638,7,2026-08-17,2026-09-10,234.0
INDSWFTLAB,1637,7,2026-08-17,2026-09-10,233.86
KEI,1637,7,2026-08-17,2026-09-10,233.86
JAINREC,1636,7,2026-08-17,2026-09-10,233.71
BANKINDIA,1636,8,2026-08-17,2026-09-10,204.5
BANKBARODA,1635,8,2026-08-17,2026-09-10,204.38
CARBORUNIV,1635,8,2026-08-17,2026-09-10,204.38
TRIVENI,1635,6,2026-08-17,2026-09-10,272.5
BANDHANBNK,1634,8,2026-08-17,2026-09-10,204.25
ANURAS,1634,9,2026-08-14,2026-09-10,181.56
GUJENERGY,1633,7,2026-08-17,2026-09-10,233.29
BLUECLOUDS,1633,8,2026-08-17,2026-09-10,204.13
SOMANYCERA,1632,7,2026-08-17,2026-09-10,233.14
GPPL,1632,7,2026-08-17,2026-09-10,233.14
JIOFIN,1631,7,2026-08-17,2026-09-10,233.0
JASH,1631,7,2026-08-17,2026-09-10,233.0
BRIGADE,1631,8,2026-08-17,2026-09-10,203.88
GENUSPOWER,1631,7,2026-08-17,2026-09-10,233.0
METROBRAND,1631,7,2026-08-17,2026-09-10,233.0
AURIONPRO,1630,8,2026-08-17,2026-09-10,203.75
RADHIKAJWE,1630,7,2026-08-17,2026-09-10,232.86
RIR,1629,7,2026-08-17,2026-09-10,232.71
INTELLECT,1628,7,2026-08-17,2026-09-10,232.57
LATENTVIEW,1627,7,2026-08-17,2026-09-10,232.43
HINDZINC,1627,7,2026-08-17,2026-09-10,232.43
INDIAMART,1626,7,2026-08-17,2026-09-10,232.29
UTKARSHBNK,1626,6,2026-08-17,2026-09-10,271.0
HINDUNILVR,1625,7,2026-08-17,2026-09-10,232.14
GPIL,1624,7,2026-08-17,2026-09-10,232.0
INOXWIND,1624,7,2026-08-17,2026-09-10,232.0
JINDALSTEL,1624,7,2026-08-17,2026-09-10,232.0
IOC,1623,7,2026-08-17,2026-09-10,231.86
AJAXENGG,1623,9,2026-08-14,2026-09-10,180.33
HINDPETRO,1622,7,2026-08-17,2026-09-10,231.71
NOCIL,1622,7,2026-08-17,2026-09-10,231.71
IGIL,1622,7,2026-08-17,2026-09-10,231.71
PREMIERPOL,1622,7,2026-08-17,2026-09-10,231.71
HINDALCO,1621,7,2026-08-17,2026-09-10,231.57
POWERMECH,1620,7,2026-08-17,2026-09-10,231.43
GOODLUCK,1620,7,2026-08-17,2026-09-10,231.43
INDUSINDBK,1619,7,2026-08-17,2026-09-10,231.29
INDGN,1619,7,2026-08-17,2026-09-10,231.29
INDHOTEL,1619,7,2026-08-17,2026-09-10,231.29
IDFCFIRSTB,1619,7,2026-08-17,2026-09-10,231.29
INDUSTOWER,1619,7,2026-08-17,2026-09-10,231.29
IEX,1618,7,2026-08-17,2026-09-10,231.14
KISSHT,1618,7,2026-08-17,2026-09-10,231.14
GODREJIND,1617,8,2026-08-17,2026-09-10,202.13
IRFC,1617,7,2026-08-17,2026-09-10,231.0
MANALIPETC,1617,7,2026-08-17,2026-09-10,231.0
IDEA,1616,7,2026-08-17,2026-09-10,230.86
VAML,1616,6,2026-08-17,2026-09-10,269.33
JINDWORLD,1616,7,2026-08-17,2026-09-10,230.86
IREDA,1616,7,2026-08-17,2026-09-10,230.86
LASERPOWER,1616,7,2026-08-17,2026-09-10,230.86
GILLETTE,1615,8,2026-08-17,2026-09-10,201.88
HEROMOTOCO,1615,7,2026-08-17,2026-09-10,230.71
ICICIGI,1614,7,2026-08-17,2026-09-10,230.57
LCL,1614,7,2026-08-17,2026-09-10,230.57
DCMSHRIRAM,1614,8,2026-08-17,2026-09-10,201.75
INDIGO,1614,7,2026-08-17,2026-09-10,230.57
JUBLINGREA,1613,7,2026-08-17,2026-09-10,230.43
ITC,1613,7,2026-08-17,2026-09-10,230.43
UJJIVANSFB,1612,6,2026-08-17,2026-09-10,268.67
HDBFS,1612,7,2026-08-17,2026-09-10,230.29
KRN,1612,7,2026-08-17,2026-09-10,230.29
MOL,1611,7,2026-08-17,2026-09-10,230.14
TEJASNET,1610,6,2026-08-17,2026-09-10,268.33
ICICIPRULI,1610,7,2026-08-17,2026-09-10,230.0
TMCV,1610,6,2026-08-17,2026-09-10,268.33
NAVA,1610,7,2026-08-17,2026-09-10,230.0
UNIPARTS,1610,6,2026-08-17,2026-09-10,268.33
JNPR,1610,7,2026-08-17,2026-09-10,230.0
TITAGARH,1609,6,2026-08-17,2026-09-10,268.17
VEDPOWER,1609,6,2026-08-17,2026-09-10,268.17
THELEELA,1609,6,2026-08-17,2026-09-10,268.17
VIKRAMSOLR,1609,6,2026-08-17,2026-09-10,268.17
ADVENZYMES,1609,9,2026-08-14,2026-09-10,178.78
INDIANB,1609,7,2026-08-17,2026-09-10,229.86
TIMETECHNO,1608,6,2026-08-17,2026-09-10,268.0
HCLTECH,1608,7,2026-08-17,2026-09-10,229.71
HDFCLIFE,1608,7,2026-08-17,2026-09-10,229.71
UCOBANK,1608,6,2026-08-17,2026-09-10,268.0
GODREJAGRO,1607,8,2026-08-17,2026-09-10,200.88
HDFCAMC,1607,7,2026-08-17,2026-09-10,229.57
GARFIBRES,1607,8,2026-08-17,2026-09-10,200.88
HYUNDAI,1607,7,2026-08-17,2026-09-10,229.57
JSLL,1606,7,2026-08-17,2026-09-10,229.43
IXIGO,1606,7,2026-08-17,2026-09-10,229.43
THERMAX,1605,6,2026-08-17,2026-09-10,267.5
TIPSMUSIC,1604,6,2026-08-17,2026-09-10,267.33
JKLAKSHMI,1604,7,2026-08-17,2026-09-10,229.14
TI,1603,6,2026-08-17,2026-09-10,267.17
TFCILTD,1602,6,2026-08-17,2026-09-10,267.0
HCG,1602,8,2026-08-17,2026-09-10,200.25
TORNTPOWER,1601,6,2026-08-17,2026-09-10,266.83
CAMPUS,1601,8,2026-08-17,2026-09-10,200.13
KIRLPNU,1601,7,2026-08-17,2026-09-10,228.71
KRISHNADEF,1601,7,2026-08-17,2026-09-10,228.71
UNIMECH,1601,6,2026-08-17,2026-09-10,266.83
ICIL,1601,7,2026-08-17,2026-09-10,228.71
UTLSOLAR,1601,6,2026-08-17,2026-09-10,266.83
KAJARIACER,1600,7,2026-08-17,2026-09-10,228.57
TATATECH,1599,6,2026-08-17,2026-09-10,266.5
CSBBANK,1599,8,2026-08-17,2026-09-10,199.88
FACT,1598,8,2026-08-17,2026-09-10,199.75
TATACAP,1597,6,2026-08-17,2026-09-10,266.17
TATACOMM,1597,6,2026-08-17,2026-09-10,266.17
SETL,1596,7,2026-08-17,2026-09-10,228.0
CRISIL,1595,8,2026-08-17,2026-09-10,199.38
IONEXCHANG,1595,7,2026-08-17,2026-09-10,227.86
CEIGALL,1595,8,2026-08-17,2026-09-10,199.38
TATACHEM,1593,6,2026-08-17,2026-09-10,265.5
STYLEBAAZA,1593,7,2026-08-17,2026-09-10,227.57
WALCHANNAG,1592,6,2026-08-17,2026-09-10,265.33
ATALREAL,1592,9,2026-08-14,2026-09-10,176.89
PREMEXPLN,1592,7,2026-08-17,2026-09-10,227.43
TARIL,1591,6,2026-08-17,2026-09-10,265.17
TVSMOTOR,1591,6,2026-08-17,2026-09-10,265.17
UNITDSPR,1590,6,2026-08-17,2026-09-10,265.0
SYRMA,1590,6,2026-08-17,2026-09-10,265.0
TEXRAIL,1589,6,2026-08-17,2026-09-10,264.83
UNIONBANK,1589,6,2026-08-17,2026-09-10,264.83
MMFL,1588,7,2026-08-17,2026-09-10,226.86
STLNETWORK,1588,7,2026-08-17,2026-09-10,226.86
RAMCOSYS,1587,7,2026-08-17,2026-09-10,226.71
JGCHEM,1587,7,2026-08-17,2026-09-10,226.71
MUTHOOTMF,1587,7,2026-08-17,2026-09-10,226.71
VEDL,1587,6,2026-08-17,2026-09-10,264.5
TRENT,1586,6,2026-08-17,2026-09-10,264.33
THYROCARE,1586,6,2026-08-17,2026-09-10,264.33
VBL,1586,6,2026-08-17,2026-09-10,264.33
SYNGENE,1586,6,2026-08-17,2026-09-10,264.33
ULTRACEMCO,1585,6,2026-08-17,2026-09-10,264.17
TORNTPHARM,1584,6,2026-08-17,2026-09-10,264.0
CANFINHOME,1583,8,2026-08-17,2026-09-10,197.88
TMPV,1583,6,2026-08-17,2026-09-10,263.83
TIINDIA,1582,6,2026-08-17,2026-09-10,263.67
KPEL,1581,7,2026-08-17,2026-09-10,225.86
TURTLEMINT,1581,6,2026-08-17,2026-09-10,263.5
SJVN,1581,6,2026-08-17,2026-09-10,263.5
TITAN,1580,6,2026-08-17,2026-09-10,263.33
JBMA,1580,7,2026-08-17,2026-09-10,225.71
DBREALTY,1580,8,2026-08-17,2026-09-10,197.5
TENNIND,1579,6,2026-08-17,2026-09-10,263.17
DOMS,1577,8,2026-08-17,2026-09-10,197.13
ROUTE,1576,7,2026-08-17,2026-09-10,225.14
CRIZAC,1576,8,2026-08-17,2026-09-10,197.0
TRANSRAILL,1576,6,2026-08-17,2026-09-10,262.67
TTML,1575,6,2026-08-17,2026-09-10,262.5
SYNCOMF,1575,6,2026-08-17,2026-09-10,262.5
SPORTKING,1574,7,2026-08-17,2026-09-10,224.86
KNACK,1573,7,2026-08-17,2026-09-10,224.71
TATAINVEST,1573,6,2026-08-17,2026-09-10,262.17
SHRIPISTON,1573,6,2026-08-17,2026-09-10,262.17
SKIPPER,1573,6,2026-08-17,2026-09-10,262.17
DIVGIITTS,1572,8,2026-08-17,2026-09-10,196.5
SHAREINDIA,1572,7,2026-08-17,2026-09-10,224.57
KELLTONTEC,1571,7,2026-08-17,2026-09-10,224.43
TATACONSUM,1571,6,2026-08-17,2026-09-10,261.83
TATAPOWER,1571,6,2026-08-17,2026-09-10,261.83
PENIND,1571,7,2026-08-17,2026-09-10,224.43
TATASTEEL,1571,6,2026-08-17,2026-09-10,261.83
TATAELXSI,1570,6,2026-08-17,2026-09-10,261.67
VIDYAWIRES,1567,6,2026-08-17,2026-09-10,261.17
AEROPLANE,1566,9,2026-08-14,2026-09-10,174.0
AVANCE,1566,8,2026-08-17,2026-09-10,195.75
PNGSREVA,1566,7,2026-08-17,2026-09-10,223.71
KUSUMGAR,1566,7,2026-08-17,2026-09-10,223.71
SWIGGY,1564,6,2026-08-17,2026-09-10,260.67
PRINCEPIPE,1564,7,2026-08-17,2026-09-10,223.43
STOVEKRAFT,1563,7,2026-08-17,2026-09-10,223.29
ORKLAINDIA,1562,7,2026-08-17,2026-09-10,223.14
SURYODAY,1561,7,2026-08-17,2026-09-10,223.0
MUKKA,1560,7,2026-08-17,2026-09-10,222.86
ANUP,1560,9,2026-08-14,2026-09-10,173.33
POWERICA,1559,7,2026-08-17,2026-09-10,222.71
SHRIRAMFIN,1558,6,2026-08-17,2026-09-10,259.67
SKMEGGPROD,1557,7,2026-08-17,2026-09-10,222.43
SOLARWORLD,1557,7,2026-08-17,2026-09-10,222.43
DREDGECORP,1555,8,2026-08-17,2026-09-10,194.38
VARROC,1555,6,2026-08-17,2026-09-10,259.17
SWSOLAR,1554,6,2026-08-17,2026-09-10,259.0
BAJAJELEC,1554,8,2026-08-17,2026-09-10,194.25
INDIASHLTR,1554,7,2026-08-17,2026-09-10,222.0
CONTROLPR,1554,8,2026-08-17,2026-09-10,194.25
REDTAPE,1553,7,2026-08-17,2026-09-10,221.86
TIMEX,1552,6,2026-08-17,2026-09-10,258.67
HAPPYFORGE,1552,7,2026-08-17,2026-09-10,221.71
POLYPLEX,1551,7,2026-08-17,2026-09-10,221.57
VGUARD,1550,6,2026-08-17,2026-09-10,258.33
KIRIINDUS,1549,7,2026-08-17,2026-09-10,221.29
STARCEMENT,1548,7,2026-08-17,2026-09-10,221.14
ZYDUSWELL,1546,6,2026-08-17,2026-09-10,257.67
VIJAYA,1545,6,2026-08-17,2026-09-10,257.5
V2RETAIL,1545,6,2026-08-17,2026-09-10,257.5
FCSSOFT,1544,8,2026-08-17,2026-09-10,193.0
TANLA,1542,6,2026-08-17,2026-09-10,257.0
GUJTHEM,1542,8,2026-08-17,2026-09-10,192.75
JSFB,1541,7,2026-08-17,2026-09-10,220.14
JKCEMENT,1541,7,2026-08-17,2026-09-10,220.14
UNIVCABLES,1540,6,2026-08-17,2026-09-10,256.67
SMSPHARMA,1538,7,2026-08-17,2026-09-10,219.71
CAMLINFINE,1537,8,2026-08-17,2026-09-10,192.13
PRSMJOHNSN,1536,7,2026-08-17,2026-09-10,219.43
SHIPROCKET,1533,6,2026-08-19,2026-09-10,255.5
WHEELS,1531,6,2026-08-17,2026-09-10,255.17
JYOTISTRUC,1530,7,2026-08-17,2026-09-10,218.57
KABRAEXTRU,1529,7,2026-08-17,2026-09-10,218.43
URJA,1528,6,2026-08-17,2026-09-10,254.67
WAKEFIT,1528,6,2026-08-17,2026-09-10,254.67
BOMDYEING,1527,8,2026-08-17,2026-09-10,190.88
SUPRAJIT,1525,7,2026-08-17,2026-09-10,217.86
JUSTDIAL,1524,7,2026-08-17,2026-09-10,217.71
FINEORG,1523,8,2026-08-17,2026-09-10,190.38
INDIGOPNTS,1522,7,2026-08-17,2026-09-10,217.43
VSTIND,1522,6,2026-08-17,2026-09-10,253.67
GARUDA,1522,8,2026-08-17,2026-09-10,190.25
MEDIASSIST,1521,7,2026-08-17,2026-09-10,217.29
CARYSIL,1521,8,2026-08-17,2026-09-10,190.13
UTIAMC,1520,6,2026-08-17,2026-09-10,253.33
HOMEFIRST,1519,7,2026-08-17,2026-09-10,217.0
VIKRAN,1518,6,2026-08-17,2026-09-10,253.0
NIBE,1518,7,2026-08-17,2026-09-10,216.86
SPLPETRO,1518,7,2026-08-17,2026-09-10,216.86
SHREECEM,1514,6,2026-08-17,2026-09-10,252.33
ARSSBL,1514,9,2026-08-14,2026-09-10,168.22
RAJRATAN,1513,7,2026-08-17,2026-09-10,216.14
BBTC,1512,8,2026-08-17,2026-09-10,189.0
ALICON,1511,9,2026-08-14,2026-09-10,167.89
BHAGYANGR,1510,8,2026-08-17,2026-09-10,188.75
INDRAMEDCO,1510,7,2026-08-17,2026-09-10,215.71
MEDPLUS,1509,7,2026-08-17,2026-09-10,215.57
UNITECH,1506,6,2026-08-17,2026-09-10,251.0
AVADHSUGAR,1506,8,2026-08-17,2026-09-10,188.25
HITECH,1506,7,2026-08-17,2026-09-10,215.14
JKPAPER,1505,7,2026-08-17,2026-09-10,215.0
JAYKAY,1504,7,2026-08-17,2026-09-10,214.86
TBZ,1504,6,2026-08-17,2026-09-10,250.67
HEXT,1504,7,2026-08-17,2026-09-10,214.86
CANHLIFE,1503,8,2026-08-17,2026-09-10,187.88
MILKYMIST,1503,6,2026-08-19,2026-09-10,250.5
ORIENTHOT,1502,7,2026-08-17,2026-09-10,214.57
JISLJALEQS,1502,7,2026-08-17,2026-09-10,214.57
ORIENTTECH,1501,7,2026-08-17,2026-09-10,214.43
BLUSPRING,1501,8,2026-08-17,2026-09-10,187.63
ETHOSLTD,1501,8,2026-08-17,2026-09-10,187.63
SANOFI,1501,7,2026-08-17,2026-09-10,214.43
SALSTEEL,1500,7,2026-08-17,2026-09-10,214.29
TEGA,1499,6,2026-08-17,2026-09-10,249.83
MAWANASUG,1497,7,2026-08-17,2026-09-10,213.86
DCW,1496,8,2026-08-17,2026-09-10,187.0
KITEX,1494,7,2026-08-17,2026-09-10,213.43
PGHL,1493,7,2026-08-17,2026-09-10,213.29
KRISHANA,1493,7,2026-08-17,2026-09-10,213.29
AWFIS,1490,8,2026-08-17,2026-09-10,186.25
BAJAJHLDNG,1490,8,2026-08-17,2026-09-10,186.25
JLHL,1489,7,2026-08-17,2026-09-10,212.71
STYL,1489,7,2026-08-17,2026-09-10,212.71
ZEEMEDIA,1488,6,2026-08-17,2026-09-10,248.0
DHANUKA,1487,8,2026-08-17,2026-09-10,185.88
ARVSMART,1485,9,2026-08-14,2026-09-10,165.0
KDDL,1485,7,2026-08-17,2026-09-10,212.14
AVL,1484,8,2026-08-17,2026-09-10,185.5
GULFOILLUB,1484,8,2026-08-17,2026-09-10,185.5
HERITGFOOD,1484,7,2026-08-17,2026-09-10,212.0
LLOYDSENT,1482,7,2026-08-17,2026-09-10,211.71
YASHO,1482,6,2026-08-17,2026-09-10,247.0
DENTA,1481,8,2026-08-17,2026-09-10,185.13
TIMKEN,1480,6,2026-08-17,2026-09-10,246.67
BANCOINDIA,1480,8,2026-08-17,2026-09-10,185.0
FEDFINA,1480,7,2026-08-17,2026-09-10,211.43
MAYURUNIQ,1480,7,2026-08-17,2026-09-10,211.43
BLSE,1479,8,2026-08-17,2026-09-10,184.88
TNPETRO,1478,6,2026-08-17,2026-09-10,246.33
AQYLON,1478,9,2026-08-14,2026-09-10,164.22
SIRCA,1478,7,2026-08-17,2026-09-10,211.14
WSTCSTPAPR,1477,6,2026-08-17,2026-09-10,246.17
GLOBUSSPR,1477,8,2026-08-17,2026-09-10,184.63
MBAPL,1475,7,2026-08-17,2026-09-10,210.71
EIHOTEL,1472,8,2026-08-17,2026-09-10,184.0
BIKAJI,1467,8,2026-08-17,2026-09-10,183.38
ICRA,1467,7,2026-08-17,2026-09-10,209.57
TBOTEK,1467,6,2026-08-17,2026-09-10,244.5
WINDLAS,1467,6,2026-08-17,2026-09-10,244.5
KENNAMET,1466,7,2026-08-17,2026-09-10,209.43
LAOPALA,1464,7,2026-08-17,2026-09-10,209.14
GKSL,1462,8,2026-08-17,2026-09-10,182.75
IMFA,1462,7,2026-08-17,2026-09-10,208.86
KANSAINER,1461,7,2026-08-17,2026-09-10,208.71
AJMERA,1460,9,2026-08-14,2026-09-10,162.22
PURVA,1460,7,2026-08-17,2026-09-10,208.57
TMB,1458,6,2026-08-17,2026-09-10,243.0
BCLIND,1458,8,2026-08-17,2026-09-10,182.25
SUNTECK,1457,7,2026-08-17,2026-09-10,208.14
KPL,1456,7,2026-08-17,2026-09-10,208.0
EXCELSOFT,1455,8,2026-08-17,2026-09-10,181.88
VPRPL,1454,6,2026-08-17,2026-09-10,242.33
VENUSPIPES,1454,6,2026-08-17,2026-09-10,242.33
NITINSPIN,1453,7,2026-08-17,2026-09-10,207.57
TVSSCS,1453,6,2026-08-17,2026-09-10,242.17
PRAKASH,1451,7,2026-08-17,2026-09-10,207.29
STYRENIX,1449,7,2026-08-17,2026-09-10,207.0
VAIBHAVGBL,1449,6,2026-08-17,2026-09-10,241.5
SUMEETINDS,1449,7,2026-08-17,2026-09-10,207.0
ULTRAMAR,1448,6,2026-08-17,2026-09-10,241.33
KROSS,1448,7,2026-08-17,2026-09-10,206.86
HATHWAY,1448,7,2026-08-17,2026-09-10,206.86
GOKULAGRO,1447,8,2026-08-17,2026-09-10,180.88
FDC,1447,8,2026-08-17,2026-09-10,180.88
INOXGREEN,1446,7,2026-08-17,2026-09-10,206.57
MAHLIFE,1445,7,2026-08-17,2026-09-10,206.43
VINDHYATEL,1445,6,2026-08-17,2026-09-10,240.83
SPIC,1441,7,2026-08-17,2026-09-10,205.86
EUREKAFORB,1440,8,2026-08-17,2026-09-10,180.0
SHREEJISPG,1436,6,2026-08-17,2026-09-10,239.33
CHOICEIN,1436,8,2026-08-17,2026-09-10,179.5
PRUDENT,1436,7,2026-08-17,2026-09-10,205.14
UBL,1434,6,2026-08-17,2026-09-10,239.0
KRSNAA,1434,7,2026-08-17,2026-09-10,204.86
PGHH,1433,7,2026-08-17,2026-09-10,204.71
DAMCAPITAL,1432,8,2026-08-17,2026-09-10,179.0
NILASPACES,1432,7,2026-08-17,2026-09-10,204.57
CAPACITE,1430,8,2026-08-17,2026-09-10,178.75
HATSUN,1430,8,2026-08-17,2026-09-10,178.75
DCI,1425,8,2026-08-17,2026-09-10,178.13
NCLIND,1424,7,2026-08-17,2026-09-10,203.43
HGINFRA,1424,7,2026-08-17,2026-09-10,203.43
IKIO,1422,7,2026-08-17,2026-09-10,203.14
MRF,1421,7,2026-08-17,2026-09-10,203.0
DYNAMATECH,1420,8,2026-08-17,2026-09-10,177.5
VOLTAMP,1420,6,2026-08-17,2026-09-10,236.67
GALAPREC,1417,8,2026-08-17,2026-09-10,177.13
HMAAGRO,1415,7,2026-08-17,2026-09-10,202.14
KLBRENG-B,1414,7,2026-08-17,2026-09-10,202.0
SOUTHWEST,1414,7,2026-08-17,2026-09-10,202.0
DLINKINDIA,1413,8,2026-08-17,2026-09-10,176.63
KSB,1412,7,2026-08-17,2026-09-10,201.71
IIFLCAPS,1411,7,2026-08-17,2026-09-10,201.57
HLEGLAS,1411,7,2026-08-17,2026-09-10,201.57
CHEMPLASTS,1411,8,2026-08-17,2026-09-10,176.38
NDL,1410,7,2026-08-17,2026-09-10,201.43
VRLLOG,1410,6,2026-08-17,2026-09-10,235.0
VIKASLIFE,1410,6,2026-08-17,2026-09-10,235.0
NIITLTD,1409,7,2026-08-17,2026-09-10,201.29
HARSHA,1409,7,2026-08-17,2026-09-10,201.29
UFLEX,1408,6,2026-08-17,2026-09-10,234.67
HINDOILEXP,1407,7,2026-08-17,2026-09-10,201.0
EUROPRATIK,1406,8,2026-08-17,2026-09-10,175.75
AWHCL,1406,8,2026-08-17,2026-09-10,175.75
SAKUMA,1406,7,2026-08-17,2026-09-10,200.86
NPST,1404,7,2026-08-17,2026-09-10,200.57
AMRUTANJAN,1403,9,2026-08-14,2026-09-10,155.89
WEWORK,1402,6,2026-08-17,2026-09-10,233.67
VSSL,1402,6,2026-08-17,2026-09-10,233.67
GHCLTEXTIL,1401,7,2026-08-17,2026-09-10,200.14
VIMTALABS,1399,6,2026-08-17,2026-09-10,233.17
INTERARCH,1399,7,2026-08-17,2026-09-10,199.86
CAPILLARY,1395,8,2026-08-17,2026-09-10,174.38
REPCOHOME,1395,7,2026-08-17,2026-09-10,199.29
KAPSTON,1394,7,2026-08-17,2026-09-10,199.14
EMUDHRA,1394,8,2026-08-17,2026-09-10,174.25
POKARNA,1393,7,2026-08-17,2026-09-10,199.0
INDIACEM,1392,7,2026-08-17,2026-09-10,198.86
DCAL,1387,8,2026-08-17,2026-09-10,173.38
VINATIORGA,1385,6,2026-08-17,2026-09-10,230.83
SUBROS,1385,7,2026-08-17,2026-09-10,197.86
MOLDTKPAC,1384,7,2026-08-17,2026-09-10,197.71
IZMO,1384,7,2026-08-17,2026-09-10,197.71
LINDEINDIA,1383,7,2026-08-17,2026-09-10,197.57
WELENT,1382,6,2026-08-17,2026-09-10,230.33
RACLGEAR,1381,7,2026-08-17,2026-09-10,197.29
MACPOWER,1381,7,2026-08-17,2026-09-10,197.29
TATVA,1379,6,2026-08-17,2026-09-10,229.83
SYMPHONY,1379,6,2026-08-17,2026-09-10,229.83
3MINDIA,1378,9,2026-08-14,2026-09-10,153.11
EXPLEOSOL,1375,8,2026-08-17,2026-09-10,171.88
HIKAL,1373,7,2026-08-17,2026-09-10,196.14
CARERATING,1370,8,2026-08-17,2026-09-10,171.25
AVTNPL,1370,8,2026-08-17,2026-09-10,171.25
FMGOETZE,1369,8,2026-08-17,2026-09-10,171.13
BHARATSE,1369,8,2026-08-17,2026-09-10,171.13
SASKEN,1368,7,2026-08-17,2026-09-10,195.43
VIKASECO,1367,6,2026-08-17,2026-09-10,227.83
BUILDPRO,1365,8,2026-08-17,2026-09-10,170.63
GSPCROP,1363,8,2026-08-17,2026-09-10,170.38
DSSL,1361,8,2026-08-17,2026-09-10,170.13
UGARSUGAR,1361,6,2026-08-17,2026-09-10,226.83
VAKRANGEE,1360,6,2026-08-17,2026-09-10,226.67
ORIENTELEC,1360,7,2026-08-17,2026-09-10,194.29
TIRUMALCHM,1357,6,2026-08-17,2026-09-10,226.17
TINNARUBR,1357,6,2026-08-17,2026-09-10,226.17
KOHINOOR,1357,7,2026-08-17,2026-09-10,193.86
DATAMATICS,1356,8,2026-08-17,2026-09-10,169.5
BETA,1356,8,2026-08-17,2026-09-10,169.5
SHK,1355,6,2026-08-17,2026-09-10,225.83
EIMCOELECO,1354,8,2026-08-17,2026-09-10,169.25
HUHTAMAKI,1354,7,2026-08-17,2026-09-10,193.43
SHAH,1353,7,2026-08-17,2026-09-10,193.29
COSMOFIRST,1353,8,2026-08-17,2026-09-10,169.13
OPTIEMUS,1353,7,2026-08-17,2026-09-10,193.29
KIRLOSBROS,1353,7,2026-08-17,2026-09-10,193.29
SATIN,1350,7,2026-08-17,2026-09-10,192.86
SIYSIL,1350,7,2026-08-17,2026-09-10,192.86
INGERRAND,1349,7,2026-08-17,2026-09-10,192.71
MPSLTD,1347,7,2026-08-17,2026-09-10,192.43
ITI,1346,7,2026-08-17,2026-09-10,192.29
BASF,1344,8,2026-08-17,2026-09-10,168.0
INNOVACAP,1343,7,2026-08-17,2026-09-10,191.86
THOMASCOOK,1339,6,2026-08-17,2026-09-10,223.17
GRINDWELL,1337,8,2026-08-17,2026-09-10,167.13
VIPIND,1336,6,2026-08-17,2026-09-10,222.67
SAIPARENT,1336,7,2026-08-17,2026-09-10,190.86
ROTO,1334,7,2026-08-17,2026-09-10,190.57
BOROLTD,1334,8,2026-08-17,2026-09-10,166.75
ATULAUTO,1332,8,2026-08-17,2026-09-10,166.5
INA,1329,7,2026-08-17,2026-09-10,189.86
PANACEABIO,1329,7,2026-08-17,2026-09-10,189.86
ORIENTCEM,1329,7,2026-08-17,2026-09-10,189.86
UTTAMSUGAR,1327,6,2026-08-17,2026-09-10,221.17
LGBBROSLTD,1327,7,2026-08-17,2026-09-10,189.57
CEWATER,1327,8,2026-08-17,2026-09-10,165.88
BESTAGRO,1326,8,2026-08-17,2026-09-10,165.75
KSCL,1326,7,2026-08-17,2026-09-10,189.43
JSWDULUX,1326,7,2026-08-17,2026-09-10,189.43
SUNSHINE,1322,5,2026-08-27,2026-09-10,264.4
IMAGICAA,1322,7,2026-08-17,2026-09-10,188.86
FINOPB,1319,8,2026-08-17,2026-09-10,164.88
JAGRAN,1317,7,2026-08-17,2026-09-10,188.14
TARSONS,1316,6,2026-08-17,2026-09-10,219.33
EFCIL,1314,8,2026-08-17,2026-09-10,164.25
INFOBEAN,1313,7,2026-08-17,2026-09-10,187.57
VISHNU,1313,6,2026-08-17,2026-09-10,218.83
DISHTV,1312,8,2026-08-17,2026-09-10,164.0
DIFFNKG,1310,8,2026-08-17,2026-09-10,163.75
JNKINDIA,1310,7,2026-08-17,2026-09-10,187.14
BAYERCROP,1309,8,2026-08-17,2026-09-10,163.63
NILKAMAL,1309,7,2026-08-17,2026-09-10,187.0
SHANKESH,1308,5,2026-08-27,2026-09-10,261.6
PNBGILTS,1306,7,2026-08-17,2026-09-10,186.57
BIRLACORPN,1305,8,2026-08-17,2026-09-10,163.13
TIIL,1305,6,2026-08-17,2026-09-10,217.5
GHCL,1305,7,2026-08-17,2026-09-10,186.43
GRMOVER,1301,8,2026-08-17,2026-09-10,162.63
SILVERTUC,1299,6,2026-08-17,2026-09-10,216.5
KSL,1299,7,2026-08-17,2026-09-10,185.57
SOLEX,1294,7,2026-08-17,2026-09-10,184.86
GCSL,1294,8,2026-08-17,2026-09-10,161.75
SKFINDUS,1292,6,2026-08-17,2026-09-10,215.33
HEIDELBERG,1291,7,2026-08-17,2026-09-10,184.43
ADSL,1290,9,2026-08-14,2026-09-10,143.33
ASALCBR,1288,9,2026-08-14,2026-09-10,143.11
LANDSMILL,1287,7,2026-08-17,2026-09-10,183.86
INDOTECH,1286,7,2026-08-17,2026-09-10,183.71
RAJMET,1285,7,2026-08-17,2026-09-10,183.57
JAYBARMARU,1283,7,2026-08-17,2026-09-10,183.29
RADIANTCMS,1283,7,2026-08-17,2026-09-10,183.29
MCL,1283,7,2026-08-17,2026-09-10,183.29
ASTEC,1282,9,2026-08-14,2026-09-10,142.44
TVSSRICHAK,1281,6,2026-08-17,2026-09-10,213.5
CERA,1278,8,2026-08-17,2026-09-10,159.75
INDOBORAX,1277,7,2026-08-17,2026-09-10,182.43
DOLPHIN,1276,8,2026-08-17,2026-09-10,159.5
MAXESTATES,1274,7,2026-08-17,2026-09-10,182.0
DBOL,1273,8,2026-08-17,2026-09-10,159.13
UDS,1273,6,2026-08-17,2026-09-10,212.17
MAHLOG,1269,7,2026-08-17,2026-09-10,181.29
GULPOLY,1268,8,2026-08-17,2026-09-10,158.5
HPL,1267,7,2026-08-17,2026-09-10,181.0
MSPL,1266,7,2026-08-17,2026-09-10,180.86
NESCO,1266,7,2026-08-17,2026-09-10,180.86
ARFIN,1266,9,2026-08-14,2026-09-10,140.67
GEOJITFSL,1265,7,2026-08-17,2026-09-10,180.71
WEL,1264,6,2026-08-17,2026-09-10,210.67
TRAVELFOOD,1260,6,2026-08-17,2026-09-10,210.0
KMCSHIL,1259,7,2026-08-17,2026-09-10,179.86
SHOPERSTOP,1258,6,2026-08-17,2026-09-10,209.67
JAICORPLTD,1253,7,2026-08-17,2026-09-10,179.0
HIMATSEIDE,1251,7,2026-08-17,2026-09-10,178.71
TEMBO,1251,6,2026-08-17,2026-09-10,208.5
SWARAJENG,1251,7,2026-08-17,2026-09-10,178.71
BALMLAWRIE,1249,8,2026-08-17,2026-09-10,156.13
MAITHANALL,1247,7,2026-08-17,2026-09-10,178.14
GPTHEALTH,1246,7,2026-08-17,2026-09-10,178.0
SDBL,1243,6,2026-08-17,2026-09-10,207.17
PDMJEPAPER,1240,7,2026-08-17,2026-09-10,177.14
5PAISA,1239,9,2026-08-14,2026-09-10,137.67
TEAMLEASE,1237,7,2026-08-17,2026-09-10,176.71
CORONA,1237,8,2026-08-17,2026-09-10,154.63
DHANBANK,1236,8,2026-08-17,2026-09-10,154.5
RESPONIND,1235,7,2026-08-17,2026-09-10,176.43
MVGJL,1235,7,2026-08-17,2026-09-10,176.43
KSHITIJPOL,1235,7,2026-08-17,2026-09-10,176.43
MUFIN,1233,7,2026-08-17,2026-09-10,176.14
ITDC,1227,7,2026-08-17,2026-09-10,175.29
SUNFLAG,1225,7,2026-08-17,2026-09-10,175.0
SEAMECLTD,1225,6,2026-08-17,2026-09-10,204.17
ANDHRAPAP,1221,9,2026-08-14,2026-09-10,135.67
SREEL,1221,7,2026-08-17,2026-09-10,174.43
NITCO,1217,7,2026-08-17,2026-09-10,173.86
KINGFA,1217,7,2026-08-17,2026-09-10,173.86
ALGOQUANT,1215,9,2026-08-14,2026-09-10,135.0
CEINSYS,1214,8,2026-08-17,2026-09-10,151.75
SKFINDIA,1213,6,2026-08-17,2026-09-10,202.17
SIGMA,1213,7,2026-08-17,2026-09-10,173.29
VENKEYS,1212,6,2026-08-17,2026-09-10,202.0
HIRECT,1211,7,2026-08-17,2026-09-10,173.0
TRUALT,1209,6,2026-08-17,2026-09-10,201.5
KALAMANDIR,1209,7,2026-08-17,2026-09-10,172.71
GOCLCORP,1208,8,2026-08-17,2026-09-10,151.0
ISGEC,1208,7,2026-08-17,2026-09-10,172.57
RAMCOIND,1207,7,2026-08-17,2026-09-10,172.43
BOSCH-HCIL,1207,8,2026-08-17,2026-09-10,150.88
REGAAL,1207,7,2026-08-17,2026-09-10,172.43
SRM,1205,7,2026-08-17,2026-09-10,172.14
RML,1203,7,2026-08-17,2026-09-10,171.86
IGPL,1202,7,2026-08-17,2026-09-10,171.71
XPROINDIA,1201,6,2026-08-17,2026-09-10,200.17
ESSARSHPNG,1201,8,2026-08-17,2026-09-10,150.13
STUDDS,1201,7,2026-08-17,2026-09-10,171.57
RSL,1201,7,2026-08-17,2026-09-10,171.57
FERMENTA,1199,7,2026-08-17,2026-09-10,171.29
SHRIRAMPPS,1199,6,2026-08-17,2026-09-10,199.83
NAVKARCORP,1196,7,2026-08-17,2026-09-10,170.86
DBL,1196,8,2026-08-17,2026-09-10,149.5
TTKHLTCARE,1191,6,2026-08-17,2026-09-10,198.5
GREENPLY,1190,8,2026-08-17,2026-09-10,148.75
ARIES,1189,7,2026-08-14,2026-09-02,169.86
ROSSARI,1188,7,2026-08-17,2026-09-10,169.71
TTKPRESTIG,1188,6,2026-08-17,2026-09-10,198.0
RANASUG,1188,7,2026-08-17,2026-09-10,169.71
JAIBALAJI,1187,7,2026-08-17,2026-09-10,169.57
CENTENKA,1187,8,2026-08-17,2026-09-10,148.38
PRECAM,1187,7,2026-08-17,2026-09-10,169.57
EPIGRAL,1186,8,2026-08-17,2026-09-10,148.25
OAL,1186,7,2026-08-17,2026-09-10,169.43
DIGITIDE,1186,8,2026-08-17,2026-09-10,148.25
SHANTIGEAR,1185,6,2026-08-17,2026-09-10,197.5
IFBIND,1184,7,2026-08-17,2026-09-10,169.14
NITTAGELA,1183,7,2026-08-17,2026-09-10,169.0
KOLTEPATIL,1182,7,2026-08-17,2026-09-10,168.86
HEMIPROP,1181,7,2026-08-17,2026-09-10,168.71
PAKKA,1181,7,2026-08-17,2026-09-10,168.71
TNPL,1180,6,2026-08-17,2026-09-10,196.67
ASTRAZEN,1178,9,2026-08-14,2026-09-10,130.89
GUJALKALI,1178,7,2026-08-17,2026-09-10,168.29
IVALUE,1178,7,2026-08-17,2026-09-10,168.29
DDEVPLSTIK,1176,8,2026-08-17,2026-09-10,147.0
LAXMIDENTL,1175,7,2026-08-17,2026-09-10,167.86
SAFARI,1174,7,2026-08-17,2026-09-10,167.71
FREDUN,1174,8,2026-08-17,2026-09-10,146.75
LUMAXIND,1172,7,2026-08-17,2026-09-10,167.43
HNDFDS,1170,7,2026-08-17,2026-09-10,167.14
ESSENTIA,1169,8,2026-08-17,2026-09-10,146.13
JUNIPER,1169,7,2026-08-17,2026-09-10,167.0
SAATVIKGL,1167,7,2026-08-17,2026-09-10,166.71
JARO,1167,7,2026-08-17,2026-09-10,166.71
VADILALIND,1164,6,2026-08-17,2026-09-10,194.0
KMSUGAR,1164,7,2026-08-17,2026-09-10,166.29
SANATHAN,1163,7,2026-08-17,2026-09-10,166.14
GOPAL,1162,7,2026-08-17,2026-09-10,166.0
DPABHUSHAN,1160,8,2026-08-17,2026-09-10,145.0
RIIL,1154,7,2026-08-17,2026-09-10,164.86
VMART,1152,6,2026-08-17,2026-09-10,192.0
BAJEL,1150,8,2026-08-17,2026-09-10,143.75
HARIOMPIPE,1150,7,2026-08-17,2026-09-10,164.29
CENTURYPLY,1150,8,2026-08-17,2026-09-10,143.75
LANDMARK,1149,7,2026-08-17,2026-09-10,164.14
BLEL,1148,6,2026-08-19,2026-09-10,191.33
PSPPROJECT,1147,7,2026-08-17,2026-09-10,163.86
GALLANTT,1146,8,2026-08-17,2026-09-10,143.25
TALBROAUTO,1146,6,2026-08-17,2026-09-10,191.0
IRMENERGY,1143,7,2026-08-17,2026-09-10,163.29
BBL,1142,8,2026-08-17,2026-09-10,142.75
CNL,1142,8,2026-08-17,2026-09-10,142.75
PAUSHAKLTD,1140,7,2026-08-17,2026-09-10,162.86
RPPINFRA,1139,7,2026-08-17,2026-09-10,162.71
GOCOLORS,1139,8,2026-08-17,2026-09-10,142.38
PDSL,1137,7,2026-08-17,2026-09-10,162.43
LALITHAA,1136,5,2026-08-27,2026-09-10,227.2
PFS,1136,7,2026-08-17,2026-09-10,162.29
ATL,1126,9,2026-08-14,2026-09-10,125.11
ONEPOINT,1125,7,2026-08-17,2026-09-10,160.71
NIITMTS,1124,7,2026-08-17,2026-09-10,160.57
SCILAL,1123,7,2026-08-17,2026-09-10,160.43
INDORAMA,1123,7,2026-08-17,2026-09-10,160.43
UNICHEMLAB,1123,6,2026-08-17,2026-09-10,187.17
ADVENTHTL,1122,9,2026-08-14,2026-09-10,124.67
SANSTAR,1121,7,2026-08-17,2026-09-10,160.14
STEELCAS,1121,7,2026-08-17,2026-09-10,160.14
WESTLIFE,1121,6,2026-08-17,2026-09-10,186.83
ZIMLAB,1120,6,2026-08-17,2026-09-10,186.67
FISCHER,1120,8,2026-08-17,2026-09-10,140.0
TSFINV,1118,6,2026-08-17,2026-09-10,186.33
BHARATWIRE,1115,8,2026-08-17,2026-09-10,139.38
DBCORP,1114,8,2026-08-17,2026-09-10,139.25
SPMLINFRA,1112,7,2026-08-17,2026-09-10,158.86
HFCL,1112,5,2026-08-17,2026-09-02,222.4
HEG,1109,5,2026-08-17,2026-09-02,221.8
KECL,1109,7,2026-08-17,2026-09-10,158.43
PROSTARM,1108,7,2026-08-17,2026-09-10,158.29
ZOTA,1103,6,2026-08-17,2026-09-10,183.83
HORIZONIND,1101,5,2026-08-27,2026-09-10,220.2
GODAVARIB,1101,8,2026-08-17,2026-09-10,137.63
WELSPLSOL,1101,6,2026-08-17,2026-09-10,183.5
DCMSRIND,1099,8,2026-08-17,2026-09-10,137.38
MMP,1099,7,2026-08-17,2026-09-10,157.0
KAVDEFENCE,1098,7,2026-08-17,2026-09-10,156.86
IVC,1098,7,2026-08-17,2026-09-10,156.86
HARDWYN,1096,7,2026-08-17,2026-09-10,156.57
EVEREADY,1096,8,2026-08-17,2026-09-10,137.0
PARKHOTELS,1092,7,2026-08-17,2026-09-10,156.0
SAKHTISUG,1092,7,2026-08-17,2026-09-10,156.0
PRABHA,1090,7,2026-08-17,2026-09-10,155.71
PIXTRANS,1090,7,2026-08-17,2026-09-10,155.71
UNIECOM,1090,6,2026-08-17,2026-09-10,181.67
ANUHPHR,1088,9,2026-08-14,2026-09-10,120.89
DUCON,1086,8,2026-08-17,2026-09-10,135.75
GUFICBIO,1081,7,2026-08-17,2026-09-10,154.43
RPGLIFE,1081,7,2026-08-17,2026-09-10,154.43
TREL,1078,6,2026-08-17,2026-09-10,179.67
NGLFINE,1077,7,2026-08-17,2026-09-10,153.86
INDOCO,1076,7,2026-08-17,2026-09-10,153.71
SIKA,1075,6,2026-08-17,2026-09-10,179.17
ELIN,1074,8,2026-08-17,2026-09-10,134.25
TCI,1074,6,2026-08-17,2026-09-10,179.0
TCC,1073,6,2026-08-17,2026-09-10,178.83
VISAKAIND,1071,6,2026-08-17,2026-09-10,178.5
LAXMIINDIA,1070,7,2026-08-17,2026-09-10,152.86
TARC,1070,6,2026-08-17,2026-09-10,178.33
FRONTSP,1066,8,2026-08-17,2026-09-10,133.25
NOVARTIND,1065,7,2026-08-17,2026-09-10,152.14
AXITA,1065,8,2026-08-17,2026-09-10,133.13
GAJA,1065,5,2026-08-27,2026-09-10,213.0
FOSECOIND,1059,8,2026-08-17,2026-09-10,132.38
NARMADA,1058,7,2026-08-17,2026-09-10,151.14
OSWALSEEDS,1057,7,2026-08-17,2026-09-10,151.0
GTL,1056,8,2026-08-17,2026-09-10,132.0
3BBLACKBIO,1056,9,2026-08-14,2026-09-10,117.33
GANESHCP,1056,8,2026-08-17,2026-09-10,132.0
CENTEXT,1056,8,2026-08-17,2026-09-10,132.0
SPELS,1055,6,2026-08-17,2026-09-09,175.83
WONDERLA,1055,6,2026-08-17,2026-09-10,175.83
DOLATALGO,1055,8,2026-08-17,2026-09-10,131.88
SPCENET,1054,7,2026-08-17,2026-09-10,150.57
RMC,1053,7,2026-08-17,2026-09-10,150.43
EXXARO,1045,8,2026-08-17,2026-09-10,130.63
MAGADSUGAR,1045,7,2026-08-17,2026-09-10,149.29
INDNIPPON,1045,7,2026-08-17,2026-09-10,149.29
BLUEDART,1042,8,2026-08-17,2026-09-10,130.25
PONNIERODE,1040,7,2026-08-17,2026-09-10,148.57
MERCURYEV,1039,7,2026-08-17,2026-09-10,148.43
BFUTILITIE,1039,8,2026-08-17,2026-09-10,129.88
MANAKCOAT,1037,7,2026-08-17,2026-09-10,148.14
DREAMFOLKS,1037,8,2026-08-17,2026-09-10,129.63
VSTTILLERS,1036,6,2026-08-17,2026-09-10,172.67
LIKHITHA,1035,7,2026-08-17,2026-09-10,147.86
GMBREW,1035,8,2026-08-17,2026-09-10,129.38
MONTECARLO,1034,7,2026-08-17,2026-09-10,147.71
RELTD,1034,7,2026-08-17,2026-09-10,147.71
SMARTWORKS,1033,7,2026-08-17,2026-09-10,147.57
BAJAJHCARE,1031,8,2026-08-17,2026-09-10,128.88
ARKADE,1030,9,2026-08-14,2026-09-10,114.44
MARATHON,1026,7,2026-08-17,2026-09-10,146.57
SMCGLOBAL,1025,7,2026-08-17,2026-09-10,146.43
KIRLFER,1025,7,2026-08-17,2026-09-10,146.43
ONIXSOLAR,1023,7,2026-08-17,2026-09-10,146.14
GEEKAYWIRE,1023,8,2026-08-17,2026-09-10,127.88
TVSHLTD,1022,6,2026-08-17,2026-09-10,170.33
STANLEY,1021,7,2026-08-17,2026-09-10,145.86
VESUVIUS,1020,6,2026-08-17,2026-09-10,170.0
KHAICHEM,1018,7,2026-08-17,2026-09-10,145.43
EKC,1018,8,2026-08-17,2026-09-10,127.25
INNOVISION,1018,7,2026-08-17,2026-09-10,145.43
WENDT,1016,6,2026-08-17,2026-09-10,169.33
MASTERTR,1014,7,2026-08-17,2026-09-10,144.86
VOEPL,1014,6,2026-08-17,2026-09-10,169.0
CSM,1013,8,2026-08-17,2026-09-10,126.63
DEN,1010,8,2026-08-17,2026-09-10,126.25
AURUM,1008,8,2026-08-17,2026-09-10,126.0
VERANDA,1008,6,2026-08-17,2026-09-10,168.0
WAAREEINDO,1005,6,2026-08-17,2026-09-10,167.5
ZUARI,1003,6,2026-08-17,2026-09-10,167.17
JKIL,1002,7,2026-08-17,2026-09-10,143.14
BLKASHYAP,1002,8,2026-08-17,2026-09-10,125.25
JAGSNPHARM,1001,7,2026-08-17,2026-09-10,143.0
SIGNATURE,1000,6,2026-08-17,2026-09-10,166.67
HUBTOWN,1000,7,2026-08-17,2026-09-10,142.86
ORISSAMINE,999,7,2026-08-17,2026-09-10,142.71
ABINFRA,993,4,2026-08-14,2026-08-19,248.25
COMSYN,992,8,2026-08-17,2026-09-10,124.0
MAMATA,992,7,2026-08-17,2026-09-10,141.71
KSOLVES,991,7,2026-08-17,2026-09-10,141.57
BANSALWIRE,990,8,2026-08-17,2026-09-10,123.75
ADVANCE,986,9,2026-08-14,2026-09-10,109.56
REMSONSIND,985,7,2026-08-17,2026-09-10,140.71
BRIGHOTEL,983,8,2026-08-17,2026-09-10,122.88
PLATIND,979,7,2026-08-17,2026-09-10,139.86
MEDICAMEQ,978,7,2026-08-17,2026-09-10,139.71
BLIL,978,8,2026-08-17,2026-09-10,122.25
ESABINDIA,977,8,2026-08-17,2026-09-10,122.13
MONARCH,976,7,2026-08-17,2026-09-10,139.43
HONAUT,972,7,2026-08-17,2026-09-10,138.86
FINKURVE,972,8,2026-08-17,2026-09-10,121.5
UGROCAP,971,6,2026-08-17,2026-09-10,161.83
VISHWARAJ,971,6,2026-08-17,2026-09-10,161.83
MWL,970,7,2026-08-17,2026-09-10,138.57
COCKERILL,967,8,2026-08-17,2026-09-10,120.88
FEDDERSHOL,965,8,2026-08-17,2026-09-10,120.63
DOLLAR,964,8,2026-08-17,2026-09-10,120.5
ORIENTCER,962,7,2026-08-17,2026-09-10,137.43
HCL-INSYS,958,7,2026-08-17,2026-09-10,136.86
MIDWESTLTD,958,7,2026-08-17,2026-09-10,136.86
WPIL,958,6,2026-08-17,2026-09-10,159.67
LUXIND,955,7,2026-08-17,2026-09-10,136.43
WANBURY,954,6,2026-08-17,2026-09-10,159.0
HINDWAREAP,953,7,2026-08-17,2026-09-10,136.14
INDOFARM,953,7,2026-08-17,2026-09-10,136.14
GEMAROMA,952,8,2026-08-17,2026-09-10,119.0
SALZERELEC,949,7,2026-08-17,2026-09-10,135.57
SINDHUTRAD,946,7,2026-08-17,2026-09-10,135.14
CLSEL,946,8,2026-08-17,2026-09-10,118.25
SURAJEST,942,7,2026-08-17,2026-09-10,134.57
AGARIND,938,9,2026-08-14,2026-09-10,104.22
PLAZACABLE,937,7,2026-08-17,2026-09-10,133.86
INDIAGLYCO,931,4,2026-08-17,2026-08-28,232.75
NILAINFRA,929,7,2026-08-17,2026-09-10,132.71
IRISDOREME,928,7,2026-08-17,2026-09-10,132.57
IGARASHI,927,7,2026-08-17,2026-09-10,132.43
VASCONEQ,925,6,2026-08-17,2026-09-10,154.17
MEDICO,925,7,2026-08-17,2026-09-10,132.14
TAJGVK,925,6,2026-08-17,2026-09-10,154.17
JTEKTINDIA,924,7,2026-08-17,2026-09-10,132.0
KOVAI,924,7,2026-08-17,2026-09-10,132.0
IPL,922,7,2026-08-17,2026-09-10,131.71
FLAIR,919,8,2026-08-17,2026-09-10,114.88
ALANKIT,919,9,2026-08-14,2026-09-10,102.11
KIOCL,918,7,2026-08-17,2026-09-10,131.14
NUCLEUS,917,7,2026-08-17,2026-09-10,131.0
ONIDA,911,7,2026-08-17,2026-09-10,130.14
ICEMAKE,911,7,2026-08-17,2026-09-10,130.14
SHALBY,910,7,2026-08-17,2026-09-10,130.0
SNOWMAN,906,7,2026-08-17,2026-09-10,129.43
SCODATUBES,902,7,2026-08-17,2026-09-10,128.86
GFLLIMITED,902,7,2026-08-17,2026-09-10,128.86
CUBEXTUB,900,8,2026-08-17,2026-09-10,112.5
AIRAN,900,9,2026-08-14,2026-09-10,100.0
TEXMOPIPES,899,6,2026-08-17,2026-09-10,149.83
MANGLMCEM,898,7,2026-08-17,2026-09-10,128.29
NELCAST,897,7,2026-08-17,2026-09-10,128.14
SHRINGARMS,896,6,2026-08-17,2026-09-10,149.33
AJOONI,891,9,2026-08-14,2026-09-10,99.0
GANESHHOU,890,8,2026-08-17,2026-09-10,111.25
DMCC,890,8,2026-08-17,2026-09-10,111.25
KAMOPAINTS,888,7,2026-08-17,2026-09-10,126.86
INDOTHAI,886,7,2026-08-17,2026-09-10,126.57
YUKEN,885,6,2026-08-17,2026-09-10,147.5
AFIL,884,9,2026-08-14,2026-09-10,98.22
MITTAL,884,7,2026-08-17,2026-09-10,126.29
LMW,884,7,2026-08-17,2026-09-10,126.29
INSECTICID,883,7,2026-08-17,2026-09-10,126.14
MIRZAINT,882,7,2026-08-17,2026-09-10,126.0
PATELRMART,882,7,2026-08-17,2026-09-10,126.0
AYMSYNTEX,881,8,2026-08-17,2026-09-10,110.13
NDRAUTO,880,7,2026-08-17,2026-09-10,125.71
GOACARBON,877,8,2026-08-17,2026-09-10,109.63
ALLTIME,874,9,2026-08-14,2026-09-10,97.11
GRINFRA,870,8,2026-08-17,2026-09-10,108.75
TAALTECH,870,6,2026-08-17,2026-09-10,145.0
SHREEPUSHK,868,6,2026-08-17,2026-09-10,144.67
IFGLEXPOR,868,7,2026-08-17,2026-09-10,124.0
THOMASCOTT,868,6,2026-08-17,2026-09-10,144.67
HLVLTD,867,7,2026-08-17,2026-09-10,123.86
AAKASH,865,9,2026-08-14,2026-09-10,96.11
BMWVENTLTD,865,8,2026-08-17,2026-09-10,108.13
ESTER,864,8,2026-08-17,2026-09-10,108.0
ORIENTPPR,862,7,2026-08-17,2026-09-10,123.14
MEIL,856,7,2026-08-17,2026-09-10,122.29
THEMISMED,855,6,2026-08-17,2026-09-10,142.5
MUFTI,853,7,2026-08-17,2026-09-10,121.86
MCLEODRUSS,851,7,2026-08-17,2026-09-10,121.57
WCIL,851,6,2026-08-17,2026-09-10,141.83
KOTHARIPET,848,6,2026-08-17,2026-09-10,141.33
KAMATHOTEL,847,7,2026-08-17,2026-09-10,121.0
GICHSGFIN,844,7,2026-08-17,2026-09-10,120.57
GNRL,844,8,2026-08-17,2026-09-10,105.5
RUSHIL,842,7,2026-08-17,2026-09-10,120.29
INTLCONV,841,7,2026-08-17,2026-09-10,120.14
ASHIANA,838,9,2026-08-14,2026-09-10,93.11
NECLIFE,838,7,2026-08-17,2026-09-10,119.71
OMINFRAL,835,7,2026-08-17,2026-09-10,119.29
OMPOWER,833,7,2026-08-17,2026-09-10,119.0
BHARATRAS,832,8,2026-08-17,2026-09-10,104.0
INVENTURE,832,7,2026-08-17,2026-09-10,118.86
TASTYBITE,832,6,2026-08-17,2026-09-10,138.67
SUYOG,831,7,2026-08-17,2026-09-10,118.71
ELGIRUBCO,831,8,2026-08-17,2026-09-10,103.88
GPTINFRA,830,7,2026-08-17,2026-09-10,118.57
SANOFICONR,830,7,2026-08-17,2026-09-10,118.57
PRAVEG,830,7,2026-08-17,2026-09-10,118.57
ARIHANTCAP,828,9,2026-08-14,2026-09-10,92.0
ADVANIHOTR,823,9,2026-08-14,2026-09-10,91.44
FABTECH,823,8,2026-08-17,2026-09-10,102.88
VEEDOL,823,6,2026-08-17,2026-09-10,137.17
LINCOLN,822,7,2026-08-17,2026-09-10,117.43
NATIONSTD,821,7,2026-08-17,2026-09-10,117.29
TEMPSENS,820,3,2026-09-02,2026-09-10,273.33
HILINFRA,820,7,2026-08-17,2026-09-10,117.14
SURANAT&P,818,7,2026-08-17,2026-09-10,116.86
SATIA,817,7,2026-08-17,2026-09-10,116.71
SYMBIOTEC,815,3,2026-09-02,2026-09-10,271.67
ASAL,815,9,2026-08-14,2026-09-10,90.56
OMAXAUTO,814,7,2026-08-17,2026-09-10,116.29
A2ZINFRA,814,9,2026-08-14,2026-09-10,90.44
PTL,813,7,2026-08-17,2026-09-10,116.14
AKSHAR,812,9,2026-08-14,2026-09-10,90.22
XCHANGING,811,6,2026-08-17,2026-09-10,135.17
SKYWAYS,811,3,2026-09-02,2026-09-10,270.33
KKCL,810,7,2026-08-17,2026-09-10,115.71
TCPLPACK,808,6,2026-08-17,2026-09-10,134.67
KANPRPLA,807,7,2026-08-17,2026-09-10,115.29
TVSELECT,807,6,2026-08-17,2026-09-10,134.5
AGROPHOS,805,9,2026-08-14,2026-09-10,89.44
NDTV,803,7,2026-08-17,2026-09-10,114.71
SUNDARAM,801,7,2026-08-17,2026-09-10,114.43
BALAJITELE,800,8,2026-08-17,2026-09-10,100.0
RPSGVENT,797,7,2026-08-17,2026-09-10,113.86
KCP,797,7,2026-08-17,2026-09-10,113.86
INDOWIND,796,7,2026-08-17,2026-09-10,113.71
GREENLAM,794,8,2026-08-17,2026-09-10,99.25
DJML,794,8,2026-08-17,2026-09-10,99.25
AARON,794,9,2026-08-14,2026-09-10,88.22
ALPHAGEO,793,4,2026-08-14,2026-08-19,198.25
ORIRAIL,793,7,2026-08-17,2026-09-10,113.29
RITCO,792,7,2026-08-17,2026-09-10,113.14
MIIL,792,7,2026-08-17,2026-09-10,113.14
PIGL,790,7,2026-08-17,2026-09-10,112.86
AMBIKCO,786,9,2026-08-14,2026-09-10,87.33
AVONMORE,783,8,2026-08-17,2026-09-10,97.88
OSWALGREEN,782,7,2026-08-17,2026-09-10,111.71
BIRLANU,781,8,2026-08-17,2026-09-10,97.63
KALPATARU,781,7,2026-08-17,2026-09-10,111.57
MUKANDLTD,779,7,2026-08-17,2026-09-10,111.29
MODIS,778,7,2026-08-17,2026-09-10,111.14
BFINVEST,778,8,2026-08-17,2026-09-10,97.25
EXCELINDUS,777,8,2026-08-17,2026-09-10,97.13
WARDINMOBI,776,6,2026-08-17,2026-09-10,129.33
MADRASFERT,776,7,2026-08-17,2026-09-10,110.86
MAHSCOOTER,774,7,2026-08-17,2026-09-10,110.57
MAXIND,773,7,2026-08-17,2026-09-10,110.43
COMFINTE,770,8,2026-08-17,2026-09-10,96.25
ELANTAS,770,8,2026-08-17,2026-09-10,96.25
GLOBAL,767,8,2026-08-17,2026-09-10,95.88
RANEHOLDIN,766,7,2026-08-17,2026-09-10,109.43
SURANASOL,763,7,2026-08-17,2026-09-10,109.0
KRITIKA,762,7,2026-08-17,2026-09-10,108.86
MINDTECK,762,7,2026-08-17,2026-09-10,108.86
HAZOOR,762,8,2026-08-17,2026-09-10,95.25
ANMOL,756,9,2026-08-14,2026-09-10,84.0
ORIENTBELL,756,7,2026-08-17,2026-09-10,108.0
MENNPIS,755,6,2026-08-17,2026-09-09,125.83
PRIMO,755,7,2026-08-17,2026-09-10,107.86
SAGCEM,754,7,2026-08-17,2026-09-10,107.71
DCMSIL,752,8,2026-08-17,2026-09-10,94.0
TCIEXP,750,6,2026-08-17,2026-09-10,125.0
SHANKARA,750,7,2026-08-17,2026-09-10,107.14
LANCORHOL,747,5,2026-08-17,2026-09-02,149.4
JSWHL,747,7,2026-08-17,2026-09-10,106.71
ZODIAC,746,6,2026-08-17,2026-09-10,124.33
ROSSELLIND,744,7,2026-08-17,2026-09-10,106.29
TGVSL,743,6,2026-08-17,2026-09-10,123.83
PROZONER,742,7,2026-08-17,2026-09-10,106.0
SUPREMEINF,738,7,2026-08-17,2026-09-10,105.43
SHREERAMA,738,6,2026-08-17,2026-09-10,123.0
TARACHAND,737,6,2026-08-17,2026-09-10,122.83
JAYSREETEA,737,7,2026-08-17,2026-09-10,105.29
SSDL,735,7,2026-08-17,2026-09-10,105.0
INDIQUBE,734,7,2026-08-17,2026-09-10,104.86
ZUARIIND,734,6,2026-08-17,2026-09-10,122.33
MKPL,732,7,2026-08-17,2026-09-10,104.57
SIGNPOST,730,6,2026-08-17,2026-09-10,121.67
SANGAMIND,726,7,2026-08-17,2026-09-10,103.71
PVSL,726,7,2026-08-17,2026-09-10,103.71
SONAMLTD,725,5,2026-08-17,2026-09-02,145.0
MANOMAY,725,7,2026-08-17,2026-09-10,103.57
SEIL,725,7,2026-08-17,2026-09-10,103.57
ALMONDZ,724,9,2026-08-14,2026-09-10,80.44
SIMPLEXINF,724,7,2026-08-17,2026-09-10,103.43
ECORECO,722,8,2026-08-17,2026-09-10,90.25
TOLINS,722,6,2026-08-17,2026-09-10,120.33
SAHYADRI,721,7,2026-08-17,2026-09-10,103.0
ACCELYA,721,9,2026-08-14,2026-09-10,80.11
LANCER,718,7,2026-08-17,2026-09-10,102.57
ODIGMA,713,7,2026-08-17,2026-09-10,101.86
JINDALPOLY,709,7,2026-08-17,2026-09-10,101.29
SINGERIND,709,7,2026-08-17,2026-09-10,101.29
PRAKASHSTL,708,7,2026-08-17,2026-09-10,101.14
IGCL,708,7,2026-08-17,2026-09-10,101.14
LATTEYS,706,7,2026-08-17,2026-09-10,100.86
TRACXN,705,6,2026-08-17,2026-09-10,117.5
INDIANHUME,701,7,2026-08-17,2026-09-10,100.14
BOROSCI,700,8,2026-08-17,2026-09-10,87.5
KUANTUM,698,7,2026-08-17,2026-09-10,99.71
PANORAMA,696,7,2026-08-17,2026-09-10,99.43
CANTABIL,696,8,2026-08-17,2026-09-10,87.0
NRAIL,695,7,2026-08-17,2026-09-10,99.29
RAJSREESUG,695,7,2026-08-17,2026-09-10,99.29
MOKSH,695,7,2026-08-17,2026-09-10,99.29
RUSTOMJEE,693,7,2026-08-17,2026-09-10,99.0
TIGERLOGS,691,6,2026-08-17,2026-09-10,115.17
AVROIND,687,8,2026-08-17,2026-09-10,85.88
HERANBA,686,7,2026-08-17,2026-09-10,98.0
MODISONLTD,686,3,2026-09-02,2026-09-10,228.67
SESHAPAPER,685,7,2026-08-17,2026-09-10,97.86
MANGALAM,683,7,2026-08-17,2026-09-10,97.57
SHREDIGCEM,681,6,2026-08-17,2026-09-10,113.5
BIRLAMONEY,678,8,2026-08-17,2026-09-10,84.75
ALBERTDAVD,678,9,2026-08-14,2026-09-10,75.33
AAREYDRUGS,677,9,2026-08-14,2026-09-10,75.22
GSLSU,675,8,2026-08-17,2026-09-10,84.38
TPLPLASTEH,674,6,2026-08-17,2026-09-10,112.33
ONWARDTEC,673,7,2026-08-17,2026-09-10,96.14
SWELECTES,673,7,2026-08-17,2026-09-10,96.14
PERNIASPOP,673,2,2026-09-09,2026-09-10,336.5
BHAGCHEM,669,8,2026-08-17,2026-09-10,83.63
BHANDARI,667,8,2026-08-17,2026-09-10,83.38
JUBLCPL,665,7,2026-08-17,2026-09-10,95.0
RUCHIRA,663,7,2026-08-17,2026-09-10,94.71
FOODSIN,663,8,2026-08-17,2026-09-10,82.88
AMDIND,662,9,2026-08-14,2026-09-10,73.56
AMBALALSA,661,4,2026-08-14,2026-08-19,165.25
HPAL,659,7,2026-08-17,2026-09-10,94.14
PUNJABCHEM,658,7,2026-08-17,2026-09-10,94.0
MAANALU,648,7,2026-08-17,2026-09-10,92.57
NAVNETEDUL,645,7,2026-08-17,2026-09-10,92.14
GAYAHWS,643,8,2026-08-17,2026-09-10,80.38
AUTOAXLES,642,8,2026-08-17,2026-09-10,80.25
CHEMBOND,640,8,2026-08-17,2026-09-10,80.0
INDOSTAR,640,7,2026-08-17,2026-09-10,91.43
TERASOFT,639,6,2026-08-17,2026-09-10,106.5
LIBERTSHOE,637,7,2026-08-17,2026-09-10,91.0
ANTGRAPHIC,635,9,2026-08-14,2026-09-10,70.56
MANAKALUCO,635,7,2026-08-17,2026-09-10,90.71
BIGBLOC,635,8,2026-08-17,2026-09-10,79.38
SHAHALLOYS,632,5,2026-08-17,2026-09-02,126.4
SAURASHCEM,632,7,2026-08-17,2026-09-10,90.29
JPOLYINVST,631,7,2026-08-17,2026-09-10,90.14
PARASPETRO,630,7,2026-08-17,2026-09-10,90.0
CCCL,629,8,2026-08-17,2026-09-10,78.63
RBZJEWEL,629,5,2026-08-17,2026-09-02,125.8
TEXINFRA,627,6,2026-08-17,2026-09-10,104.5
BCONCEPTS,626,8,2026-08-17,2026-09-10,78.25
MARKOLINES,626,7,2026-08-17,2026-09-10,89.43
EIHAHOTELS,623,8,2026-08-17,2026-09-10,77.88
SIL,621,6,2026-08-17,2026-09-10,103.5
SIGMAADV,621,3,2026-08-17,2026-08-27,207.0
ATLANTAA,620,9,2026-08-14,2026-09-10,68.89
SUVIDHAA,613,7,2026-08-17,2026-09-10,87.57
BPL,613,8,2026-08-17,2026-09-10,76.63
SHIVALIK,608,2,2026-09-09,2026-09-10,304.0
ARCHIDPLY,607,9,2026-08-14,2026-09-10,67.44
RAMKY,606,7,2026-08-17,2026-09-10,86.57
ASHIMASYN,606,9,2026-08-14,2026-09-10,67.33
BALPHARMA,604,8,2026-08-17,2026-09-10,75.5
CORDSCABLE,604,3,2026-09-02,2026-09-10,201.33
CAPITALSFB,604,8,2026-08-17,2026-09-10,75.5
ANNAPURNA,602,9,2026-08-14,2026-09-10,66.89
CALSOFT,601,6,2026-08-17,2026-09-02,100.17
AKI,599,7,2026-08-14,2026-09-02,85.57
VENTIVE,599,6,2026-08-17,2026-09-10,99.83
JMA,598,7,2026-08-17,2026-09-10,85.43
MADHAVIPL,598,7,2026-08-17,2026-09-10,85.43
HGS,595,7,2026-08-17,2026-09-10,85.0
ROHLTD,593,7,2026-08-17,2026-09-10,84.71
CENTRUM,593,8,2026-08-17,2026-09-10,74.13
PYRAMID,591,7,2026-08-17,2026-09-10,84.43
JYOTIRES,589,7,2026-08-17,2026-09-10,84.14
GOYALALUM,587,7,2026-08-17,2026-09-10,83.86
PLASTIBLEN,586,7,2026-08-17,2026-09-10,83.71
GRADIENTE,585,7,2026-08-17,2026-09-10,83.57
WINDMACHIN,584,6,2026-08-17,2026-09-10,97.33
EMKAY,584,8,2026-08-17,2026-09-10,73.0
BIL,583,8,2026-08-17,2026-09-10,72.88
GTPL,583,7,2026-08-17,2026-09-10,83.29
HAWKINCOOK,581,8,2026-08-17,2026-09-10,72.63
VIDHIING,580,6,2026-08-17,2026-09-10,96.67
GENUSPAPER,579,8,2026-08-17,2026-09-10,72.38
KRYSTAL,579,7,2026-08-17,2026-09-10,82.71
ASHOKAMET,579,9,2026-08-14,2026-09-10,64.33
AUGMONT,578,3,2026-09-02,2026-09-10,192.67
BATLIBOI,577,8,2026-08-17,2026-09-10,72.13
INDBANK,577,7,2026-08-17,2026-09-10,82.43
DCMNVL,571,8,2026-08-17,2026-09-10,71.38
KSE,571,7,2026-08-17,2026-09-10,81.57
SRHHYPOLTD,570,7,2026-08-17,2026-09-10,81.43
SADBHAV,570,7,2026-08-17,2026-09-10,81.43
BAIDFIN,569,8,2026-08-17,2026-09-10,71.13
ACSTECH,569,4,2026-08-14,2026-08-19,142.25
MANAKSIA,568,7,2026-08-17,2026-09-10,81.14
BUTTERFLY,567,8,2026-08-17,2026-09-10,70.88
NAHARSPING,567,7,2026-08-17,2026-09-10,81.0
BAJAJST,564,8,2026-08-17,2026-09-10,70.5
ORICONENT,563,7,2026-08-17,2026-09-10,80.43
VINEETLAB,562,6,2026-08-17,2026-09-10,93.67
MANBA,562,7,2026-08-17,2026-09-10,80.29
GVPTECH,561,6,2026-08-17,2026-09-02,93.5
RKSWAMY,561,7,2026-08-17,2026-09-10,80.14
SRTL,561,7,2026-08-17,2026-09-10,80.14
ADVIKCA,559,8,2026-08-17,2026-09-10,69.88
KAMAHOLD,559,7,2026-08-17,2026-09-10,79.86
MANCREDIT,558,7,2026-08-17,2026-09-10,79.71
WSI,557,6,2026-08-17,2026-09-10,92.83
LUMINO,556,2,2026-09-09,2026-09-10,278.0
MANORG,556,7,2026-08-17,2026-09-10,79.43
CSLFINANCE,554,8,2026-08-17,2026-09-10,69.25
SCHAND,552,7,2026-08-17,2026-09-10,78.86
KOPRAN,552,3,2026-09-02,2026-09-10,184.0
ORCHASP,552,7,2026-08-17,2026-09-10,78.86
NAHARINDUS,552,7,2026-08-17,2026-09-10,78.86
PILANIINVS,551,7,2026-08-17,2026-09-10,78.71
ABCOTS,550,9,2026-08-14,2026-09-10,61.11
FAZE3Q,550,8,2026-08-17,2026-09-10,68.75
BTML,550,8,2026-08-17,2026-09-10,68.75
DEVX,548,8,2026-08-17,2026-09-10,68.5
BODALCHEM,546,3,2026-09-02,2026-09-10,182.0
DIAMONDYD,546,8,2026-08-17,2026-09-10,68.25
TVTODAY,545,6,2026-08-17,2026-09-10,90.83
TANAA,543,6,2026-08-17,2026-09-10,90.5
MONEYBOXX,541,7,2026-08-17,2026-09-10,77.29
HONDAPOWER,540,7,2026-08-17,2026-09-10,77.14
GLOBE,540,8,2026-08-17,2026-09-10,67.5
SGRL,538,7,2026-08-17,2026-09-10,76.86
UDAYJEW,537,6,2026-08-17,2026-09-10,89.5
IFBAGRO,537,7,2026-08-17,2026-09-10,76.71
DEEPA,536,2,2026-09-09,2026-09-10,268.0
ORIENTALTL,536,7,2026-08-17,2026-09-10,76.57
NIRLON,534,7,2026-08-17,2026-09-10,76.29
GICL,534,7,2026-08-17,2026-09-10,76.29
GOODYEAR,532,7,2026-08-17,2026-09-10,76.0
ESDS,531,2,2026-09-09,2026-09-10,265.5
ONEGLOBAL,530,7,2026-08-17,2026-09-10,75.71
MATRIMONY,529,7,2026-08-17,2026-09-10,75.57
RNBDENIMS,528,5,2026-08-17,2026-09-02,105.6
GAYAPROJ,527,3,2026-09-02,2026-09-10,175.67
TAKE,525,6,2026-08-17,2026-09-10,87.5
AAATECH,524,9,2026-08-14,2026-09-10,58.22
IRIS,521,7,2026-08-17,2026-09-10,74.43
CPL,521,8,2026-08-17,2026-09-10,65.13
EMPIND,518,8,2026-08-17,2026-09-10,64.75
MUNJALSHOW,518,7,2026-08-17,2026-09-10,74.0
JITFINFRA,518,7,2026-08-17,2026-09-10,74.0
ELECTHERM,518,8,2026-08-17,2026-09-10,64.75
LPDC,517,7,2026-08-17,2026-09-10,73.86
VRAJ,516,6,2026-08-17,2026-09-10,86.0
JETFREIGHT,516,7,2026-08-17,2026-09-10,73.71
GLOBECIVIL,515,8,2026-08-17,2026-09-10,64.38
ARVEE,514,9,2026-08-14,2026-09-10,57.11
SUNCLAY,512,7,2026-08-17,2026-09-10,73.14
ENERGYDEV,511,8,2026-08-17,2026-09-10,63.88
UEL,510,6,2026-08-17,2026-09-10,85.0
RELIABLE,509,7,2026-08-17,2026-09-10,72.71
PAVNAIND,509,7,2026-08-17,2026-09-10,72.71
KIRLOSIND,509,7,2026-08-17,2026-09-10,72.71
CORALFINAC,507,8,2026-08-17,2026-09-10,63.38
DHATRE,505,8,2026-08-17,2026-09-10,63.13
RUDRA,504,7,2026-08-17,2026-09-10,72.0
SOMICONVEY,504,7,2026-08-17,2026-09-10,72.0
MAFATIND,503,7,2026-08-17,2026-09-10,71.86
SARLAPOLY,503,7,2026-08-17,2026-09-10,71.86
TARMAT,500,6,2026-08-17,2026-09-10,83.33
DRCSYSTEMS,500,8,2026-08-17,2026-09-10,62.5
RKEC,499,7,2026-08-17,2026-09-10,71.29
ISFT,499,7,2026-08-17,2026-09-10,71.29
ALPA,498,9,2026-08-14,2026-09-10,55.33
TTL,496,6,2026-08-17,2026-09-10,82.67
COFFEEDAY,496,2,2026-09-09,2026-09-10,248.0
SUPREME,495,7,2026-08-17,2026-09-10,70.71
MANAKSTEEL,494,5,2026-08-17,2026-09-02,98.8
ASIANHOTNR,493,9,2026-08-14,2026-09-10,54.78
ZENITHSTL,492,6,2026-08-17,2026-09-10,82.0
SUMIT,492,7,2026-08-17,2026-09-10,70.29
DVL,492,8,2026-08-17,2026-09-10,61.5
COASTCORP,492,8,2026-08-17,2026-09-10,61.5
BAJAJINDEF,487,8,2026-08-17,2026-09-10,60.88
JAYAGROGN,486,7,2026-08-17,2026-09-10,69.43
TRIGYN,485,6,2026-08-17,2026-09-10,80.83
ATAM,483,9,2026-08-14,2026-09-10,53.67
SUNDROP,481,7,2026-08-17,2026-09-10,68.71
ALLDIGI,481,9,2026-08-14,2026-09-10,53.44
AARVI,478,9,2026-08-14,2026-09-10,53.11
VAISHALI,477,6,2026-08-17,2026-09-10,79.5
SUMMITSEC,477,7,2026-08-17,2026-09-10,68.14
VARDMNPOLY,477,6,2026-08-17,2026-09-10,79.5
AARNAV,476,4,2026-08-14,2026-08-19,119.0
GOKUL,475,8,2026-08-17,2026-09-10,59.38
DHARMAJ,475,8,2026-08-17,2026-09-10,59.38
THEJO,474,6,2026-08-17,2026-09-10,79.0
SBGLP,474,7,2026-08-17,2026-09-10,67.71
KANANIIND,474,7,2026-08-17,2026-09-10,67.71
VMSTMT,474,6,2026-08-17,2026-09-10,79.0
ACL,473,9,2026-08-14,2026-09-10,52.56
SICAGEN,470,7,2026-08-17,2026-09-10,67.14
UCAL,470,2,2026-08-17,2026-08-19,235.0
CPCAP,469,8,2026-08-17,2026-09-10,58.63
GENCON,469,8,2026-08-17,2026-09-10,58.63
IITL,468,7,2026-08-17,2026-09-10,66.86
NINSYS,465,7,2026-08-17,2026-09-10,66.43
BCPL,465,8,2026-08-17,2026-09-10,58.13
BANARISUG,463,8,2026-08-17,2026-09-10,57.88
HTMEDIA,463,7,2026-08-17,2026-09-10,66.14
AUTOIND,463,5,2026-08-27,2026-09-10,92.6
PERMAGN,463,7,2026-08-17,2026-09-10,66.14
NILE,461,7,2026-08-17,2026-09-10,65.86
CRSL,460,3,2026-08-17,2026-08-19,153.33
BORANA,457,8,2026-08-17,2026-09-10,57.13
HESTERBIO,456,7,2026-08-17,2026-09-10,65.14
EKI,456,8,2026-08-17,2026-09-10,57.0
ZFSTEERING,453,6,2026-08-17,2026-09-10,75.5
MUTHOOTCAP,453,7,2026-08-17,2026-09-10,64.71
DIGISPICE,451,8,2026-08-17,2026-09-10,56.38
PKTEA,450,7,2026-08-17,2026-09-10,64.29
DICIND,446,8,2026-08-17,2026-09-10,55.75
GLOTTIS,445,5,2026-08-27,2026-09-10,89.0
LEMERITE,445,7,2026-08-17,2026-09-10,63.57
BELLACASA,445,8,2026-08-17,2026-09-10,55.63
BIRLACABLE,444,2,2026-09-09,2026-09-10,222.0
KOTIC,442,7,2026-08-17,2026-09-10,63.14
PASHUPATI,441,7,2026-08-17,2026-09-10,63.0
AKG,438,9,2026-08-14,2026-09-10,48.67
BRNL,437,8,2026-08-17,2026-09-10,54.63
PRAXIS,437,7,2026-08-17,2026-09-10,62.43
PRISMX,436,7,2026-08-17,2026-09-10,62.29
MAHAPEXLTD,436,7,2026-08-17,2026-09-10,62.29
TRITONV,436,6,2026-08-17,2026-09-10,72.67
DEVIT,435,8,2026-08-17,2026-09-10,54.38
SILGO,435,6,2026-08-17,2026-09-10,72.5
BALAJEE,434,8,2026-08-17,2026-09-10,54.25
GANDHITUBE,433,8,2026-08-17,2026-09-10,54.13
AEPL,432,9,2026-08-14,2026-09-10,48.0
SEKURITIND,431,7,2026-08-17,2026-09-10,61.57
SUKHJITS,430,7,2026-08-17,2026-09-10,61.43
BLBLIMITED,430,8,2026-08-17,2026-09-10,53.75
BBTCL,428,8,2026-08-17,2026-09-10,53.5
SINCLAIR,427,7,2026-08-17,2026-09-10,61.0
PODDARMENT,427,7,2026-08-17,2026-09-10,61.0
RUBFILA,426,7,2026-08-17,2026-09-10,60.86
TOYAMSL,423,6,2026-08-17,2026-09-10,70.5
MGEL,423,2,2026-09-09,2026-09-10,211.5
TRU,423,6,2026-08-17,2026-09-10,70.5
AERONEU,423,9,2026-08-14,2026-09-10,47.0
MODTHREAD,421,7,2026-08-17,2026-09-10,60.14
BIRLAPREC,421,6,2026-08-17,2026-09-02,70.17
JHS,420,7,2026-08-17,2026-09-10,60.0
LAMBODHARA,420,7,2026-08-17,2026-09-10,60.0
VIVIDHA,420,6,2026-08-17,2026-09-10,70.0
LCCINFOTEC,418,7,2026-08-17,2026-09-10,59.71
NATCAPSUQ,418,5,2026-08-17,2026-09-02,83.6
AMAL,417,8,2026-08-17,2026-09-10,52.13
SEJALLTD,417,7,2026-08-17,2026-09-10,59.57
NSIL,417,7,2026-08-17,2026-09-10,59.57
DONEAR,416,8,2026-08-17,2026-09-10,52.0
VASWANI,414,6,2026-08-17,2026-09-10,69.0
SPENCERS,413,7,2026-08-17,2026-09-10,59.0
ANDREWYU,413,8,2026-08-17,2026-09-10,51.63
AZADIND,411,8,2026-08-17,2026-09-10,51.38
PRECOT,411,7,2026-08-17,2026-09-10,58.71
JKIPL,411,7,2026-08-17,2026-09-10,58.71
KAYA,408,2,2026-08-17,2026-08-19,204.0
BEARDSELL,408,8,2026-08-17,2026-09-10,51.0
REPRO,403,7,2026-08-17,2026-09-10,57.57
STEELCITY,403,7,2026-08-17,2026-09-10,57.57
STCINDIA,400,7,2026-08-17,2026-09-10,57.14
SUPERHOUSE,400,7,2026-08-17,2026-09-10,57.14
KOKUYOCMLN,400,7,2026-08-17,2026-09-10,57.14
AFSL,399,9,2026-08-14,2026-09-10,44.33
RAMAPHO,397,7,2026-08-17,2026-09-10,56.71
DHABRIYA,396,3,2026-08-17,2026-08-19,132.0
PILITA,395,7,2026-08-17,2026-09-10,56.43
RUBYMILLS,394,2,2026-09-09,2026-09-10,197.0
ISHANCH,394,7,2026-08-17,2026-09-10,56.29
SAHLIBHFI,391,7,2026-08-17,2026-09-10,55.86
KRISHIVAL,390,7,2026-08-17,2026-09-10,55.71
XTGLOBAL,390,6,2026-08-17,2026-09-10,65.0
POEL,389,7,2026-08-17,2026-09-10,55.57
SUDARCOLOR,387,7,2026-08-17,2026-09-10,55.29
VIPCLOTHNG,387,6,2026-08-17,2026-09-10,64.5
ATLASCYCLE,386,9,2026-08-14,2026-09-10,42.89
MOHITE,386,7,2026-08-17,2026-09-10,55.14
UFO,385,6,2026-08-17,2026-09-10,64.17
DRAGARWQ,382,8,2026-08-17,2026-09-10,47.75
LORDSCHLO,381,7,2026-08-17,2026-09-10,54.43
CFEL,381,8,2026-08-17,2026-09-10,47.63
TIJARIA,381,4,2026-08-17,2026-09-02,95.25
GLOBALVECT,380,8,2026-08-17,2026-09-10,47.5
GYFTR,380,8,2026-08-17,2026-09-10,47.5
BVCL,380,8,2026-08-17,2026-09-10,47.5
CHEMFAB,379,8,2026-08-17,2026-09-10,47.38
QUICKHEAL,379,2,2026-09-09,2026-09-10,189.5
VINNY,378,6,2026-08-17,2026-09-10,63.0
KSR,378,7,2026-08-17,2026-09-10,54.0
VLSFINANCE,377,6,2026-08-17,2026-09-10,62.83
RADIOCITY,376,7,2026-08-17,2026-09-10,53.71
BAGFILMS,376,8,2026-08-17,2026-09-10,47.0
BI,375,3,2026-08-17,2026-08-19,125.0
STEL,374,7,2026-08-17,2026-09-10,53.43
RSSOFTWARE,374,7,2026-08-17,2026-09-10,53.43
DENORA,374,8,2026-08-17,2026-09-10,46.75
TIPSFILMS,373,6,2026-08-17,2026-09-10,62.17
PRAENG,373,7,2026-08-17,2026-09-10,53.29
DTIL,373,6,2026-08-17,2026-09-02,62.17
AMNPLST,373,9,2026-08-14,2026-09-10,41.44
AURUS,370,8,2026-08-17,2026-09-10,46.25
VISHAL,366,6,2026-08-17,2026-09-10,61.0
LINC,366,7,2026-08-17,2026-09-10,52.29
HARRMALAYA,366,7,2026-08-17,2026-09-10,52.29
BLAL,363,8,2026-08-17,2026-09-10,45.38
BRAHMINFRA,363,8,2026-08-17,2026-09-10,45.38
STARPAPER,363,7,2026-08-17,2026-09-10,51.86
VSTL,362,6,2026-08-17,2026-09-10,60.33
ADROITINFO,362,9,2026-08-14,2026-09-10,40.22
MAHEPC,361,7,2026-08-17,2026-09-10,51.57
ARIHANT,359,9,2026-08-14,2026-09-10,39.89
MMWL,359,7,2026-08-17,2026-09-10,51.29
NOIDATOLL,358,5,2026-08-27,2026-09-10,71.6
SWARNSAR,356,7,2026-08-17,2026-09-10,50.86
SHINDL,356,7,2026-08-17,2026-09-10,50.86
HINDCON,356,7,2026-08-17,2026-09-10,50.86
BANG,354,8,2026-08-17,2026-09-10,44.25
DCMFINSERV,353,8,2026-08-17,2026-09-10,44.13
TPHQ,353,2,2026-08-17,2026-08-19,176.5
VERTOZ,351,3,2026-09-02,2026-09-10,117.0
MEDICAPQ,350,7,2026-08-17,2026-09-10,50.0
DNAMEDIA,350,8,2026-08-17,2026-09-10,43.75
DHUNINV,350,8,2026-08-17,2026-09-10,43.75
VIRINCHI,350,6,2026-08-17,2026-09-10,58.33
OSWALAGRO,349,7,2026-08-17,2026-09-10,49.86
ENIL,347,8,2026-08-17,2026-09-10,43.38
TARAPUR,346,6,2026-08-17,2026-09-10,57.67
INDOUS,346,7,2026-08-17,2026-09-10,49.43
LOVABLE,345,7,2026-08-17,2026-09-10,49.29
RUCHINFRA,343,7,2026-08-17,2026-09-10,49.0
FIBERWEB,343,7,2026-08-17,2026-09-10,49.0
BANSWRAS,342,8,2026-08-17,2026-09-10,42.75
SGIL,341,7,2026-08-17,2026-09-10,48.71
KRONOX,340,2,2026-08-17,2026-08-19,170.0
KALYANIFRG,340,5,2026-08-17,2026-09-02,68.0
SRD,340,7,2026-08-17,2026-09-10,48.57
HAVISHA,339,8,2026-08-17,2026-09-10,42.38
GSS,339,8,2026-08-17,2026-09-10,42.38
AHLADA,338,9,2026-08-14,2026-09-10,37.56
SHIVACEM,336,7,2026-08-17,2026-09-10,48.0
SWISSMLTRY,336,4,2026-08-17,2026-09-02,84.0
BALAXI,334,8,2026-08-17,2026-09-10,41.75
BIOFILCHEM,332,8,2026-08-17,2026-09-10,41.5
LAL,331,7,2026-08-17,2026-09-10,47.29
DYNPRO,330,8,2026-08-17,2026-09-10,41.25
RAMANEWS,329,7,2026-08-17,2026-09-10,47.0
VINYLINDIA,329,6,2026-08-17,2026-09-10,54.83
AARTISURF,328,1,2026-08-14,2026-08-14,328.0
DIAMINESQ,328,8,2026-08-17,2026-09-10,41.0
LFIC,326,6,2026-08-17,2026-09-10,54.33
ARIHANTSUP,326,9,2026-08-14,2026-09-10,36.22
SOMATEX,325,7,2026-08-17,2026-09-10,46.43
VALIANTLAB,322,3,2026-08-17,2026-08-27,107.33
VGL,321,6,2026-08-17,2026-09-10,53.5
HILTON,319,5,2026-08-27,2026-09-10,63.8
IMPAL,319,7,2026-08-17,2026-09-10,45.57
ABANSENT,319,9,2026-08-14,2026-09-10,35.44
NIRAJ,317,7,2026-08-17,2026-09-10,45.29
LGHL,316,7,2026-08-17,2026-09-10,45.14
SCPL,315,2,2026-08-17,2026-08-19,157.5
VIVIANA,314,2,2026-09-09,2026-09-10,157.0
KREBSBIO,314,7,2026-08-17,2026-09-10,44.86
NATHBIOGEN,310,7,2026-08-17,2026-09-10,44.29
KOTARISUG,310,2,2026-08-17,2026-08-19,155.0
AXTEL,310,8,2026-08-17,2026-09-10,38.75
SECMARK,309,7,2026-08-17,2026-09-10,44.14
S&SPOWER,307,7,2026-08-17,2026-09-10,43.86
LOTUSEYE,307,7,2026-08-17,2026-09-10,43.86
SUNSHIEL,304,7,2026-08-17,2026-09-10,43.43
TREJHARA,303,6,2026-08-17,2026-09-10,50.5
HECPROJECT,303,7,2026-08-17,2026-09-10,43.29
VIRTUALG,302,4,2026-08-17,2026-09-02,75.5
ALUFLUOR,302,8,2026-08-17,2026-09-10,37.75
APCL,301,9,2026-08-14,2026-09-10,33.44
CIFL,301,8,2026-08-17,2026-09-10,37.63
VEDAVAAG,301,6,2026-08-17,2026-09-10,50.17
RAJTV,300,7,2026-08-17,2026-09-10,42.86
KEEPLEARN,299,7,2026-08-17,2026-09-10,42.71
GUJAPOLLO,299,7,2026-08-17,2026-09-10,42.71
DISAQ,298,8,2026-08-17,2026-09-10,37.25
METROGLOBL,298,7,2026-08-17,2026-09-10,42.57
EBIX,297,6,2026-08-17,2026-09-02,49.5
ECOSMOBLTY,295,3,2026-09-02,2026-09-10,98.33
JINDALPHOT,291,7,2026-08-17,2026-09-10,41.57
UNITEDPOLY,288,4,2026-08-27,2026-09-10,72.0
LIBAS,286,7,2026-08-17,2026-09-10,40.86
DANGEE,285,8,2026-08-17,2026-09-10,35.63
INTENTECH,285,7,2026-08-17,2026-09-10,40.71
CINELINE,284,8,2026-08-17,2026-09-10,35.5
COMPUSOFT,280,8,2026-08-17,2026-09-10,35.0
SANDESH,280,7,2026-08-17,2026-09-10,40.0
NDLVENTURE,278,7,2026-08-17,2026-09-10,39.71
NIBL,278,7,2026-08-17,2026-09-10,39.71
MALLCOM,278,7,2026-08-17,2026-09-10,39.71
HINDCOMPOS,276,7,2026-08-17,2026-09-10,39.43
DBEIL,276,2,2026-09-09,2026-09-10,138.0
XELPMOC,276,6,2026-08-17,2026-09-10,46.0
VIVOBIOT,273,6,2026-08-17,2026-09-10,45.5
DECCANCE,273,8,2026-08-17,2026-09-10,34.13
BSHSL,272,8,2026-08-17,2026-09-10,34.0
RADAAN,269,7,2026-08-17,2026-09-10,38.43
MURUDCERA,269,7,2026-08-17,2026-09-10,38.43
MARALOVER,268,7,2026-08-17,2026-09-10,38.29
TRF,268,6,2026-08-17,2026-09-10,44.67
AKCAPIT,268,9,2026-08-14,2026-09-10,29.78
NAHARPOLY,267,7,2026-08-17,2026-09-10,38.14
SMLT,265,7,2026-08-17,2026-09-10,37.86
RELCHEMQ,265,7,2026-08-17,2026-09-10,37.86
KRITINUT,264,7,2026-08-17,2026-09-10,37.71
PAR,263,5,2026-08-17,2026-09-02,52.6
LOKESHMACH,262,3,2026-09-02,2026-09-10,87.33
ALKALI,261,2,2026-09-09,2026-09-10,130.5
SWARAJ,260,2,2026-08-17,2026-08-19,130.0
MKEXIM,260,7,2026-08-17,2026-09-10,37.14
KANCHI,260,7,2026-08-17,2026-09-10,37.14
UMIYA-MRO,260,6,2026-08-17,2026-09-10,43.33
CHEVIOT,260,8,2026-08-17,2026-09-10,32.5
BURNPUR,259,3,2026-08-27,2026-09-02,86.33
DIGIDRIVE,258,8,2026-08-17,2026-09-10,32.25
MANBRO,256,5,2026-08-17,2026-09-02,51.2
SELMC,255,6,2026-08-17,2026-09-09,42.5
LOTUSCHO,254,7,2026-08-17,2026-09-10,36.29
SUNRAKSHAK,253,7,2026-08-17,2026-09-10,36.14
ELPROINTL,253,8,2026-08-17,2026-09-10,31.63
INNOVANA,252,7,2026-08-17,2026-09-10,36.0
TOTAL,251,5,2026-08-17,2026-09-09,50.2
WATERBASE,248,6,2026-08-17,2026-09-10,41.33
HINDADH,248,7,2026-08-17,2026-09-10,35.43
KICL,247,7,2026-08-17,2026-09-10,35.29
NAGREEKEXP,247,7,2026-08-17,2026-09-10,35.29
CROWN,244,8,2026-08-17,2026-09-10,30.5
MALUPAPER,244,7,2026-08-17,2026-09-10,34.86
MLKFOOD,243,7,2026-08-17,2026-09-10,34.71
LASA,242,6,2026-08-17,2026-09-09,40.33
RRIL,239,7,2026-08-17,2026-09-10,34.14
BONLON,239,8,2026-08-17,2026-09-10,29.88
AGRITECH,238,9,2026-08-14,2026-09-10,26.44
NEXTMEDIA,238,7,2026-08-17,2026-09-10,34.0
VLEGOV,237,2,2026-09-09,2026-09-10,118.5
SILINV,237,6,2026-08-17,2026-09-10,39.5
WEALTH,236,6,2026-08-17,2026-09-10,39.33
21STCENMGM,232,9,2026-08-14,2026-09-10,25.78
SIGIND,232,2,2026-08-17,2026-08-19,116.0
MODIRUBBER,231,7,2026-08-17,2026-09-10,33.0
EASTWEST,231,8,2026-08-17,2026-09-10,28.88
DIGJAMLMTD,230,8,2026-08-17,2026-09-10,28.75
ACGL,229,8,2026-08-17,2026-09-10,28.63
SAMPANN,229,7,2026-08-17,2026-09-10,32.71
KRITI,229,7,2026-08-17,2026-09-10,32.71
DEEP,227,8,2026-08-17,2026-09-10,28.38
EUROBOND,224,8,2026-08-17,2026-09-10,28.0
SGLRES,224,7,2026-08-17,2026-09-10,32.0
SHANTI,222,7,2026-08-17,2026-09-10,31.71
AKASH,221,9,2026-08-14,2026-09-10,24.56
SAMBHAAV,221,7,2026-08-17,2026-09-10,31.57
ARCHIES,220,9,2026-08-14,2026-09-10,24.44
SECURKLOUD,220,7,2026-08-17,2026-09-10,31.43
GRPLTD,220,8,2026-08-17,2026-09-10,27.5
MBLINFRA,219,7,2026-08-17,2026-09-10,31.29
VTMLTD,218,6,2026-08-17,2026-09-10,36.33
SHILGRAVQ,218,7,2026-08-17,2026-09-10,31.14
AMJLAND,215,9,2026-08-14,2026-09-10,23.89
RKDL,215,7,2026-08-17,2026-09-10,30.71
MOHITIND,214,7,2026-08-17,2026-09-10,30.57
VHL,214,6,2026-08-17,2026-09-10,35.67
HAMPTON,213,7,2026-08-17,2026-09-10,30.43
CELEBRITY,213,8,2026-08-17,2026-09-10,26.63
CCHHL,212,8,2026-08-17,2026-09-10,26.5
KNAGRI,212,7,2026-08-17,2026-09-10,30.29
ASIANTNE,212,8,2026-08-17,2026-09-10,26.5
USK,212,6,2026-08-17,2026-09-10,35.33
LKPSEC,211,7,2026-08-17,2026-09-10,30.14
APOLSINHOT,210,9,2026-08-14,2026-09-10,23.33
TREEHOUSE,209,6,2026-08-17,2026-09-10,34.83
OPTIFIN,208,7,2026-08-17,2026-09-10,29.71
PENINLAND,207,2,2026-09-09,2026-09-10,103.5
PRIMESECU,207,7,2026-08-17,2026-09-10,29.57
WORTHPERI,207,6,2026-08-17,2026-09-10,34.5
INDTERRAIN,207,7,2026-08-17,2026-09-10,29.57
PNC,206,7,2026-08-17,2026-09-10,29.43
NGIL,206,5,2026-08-27,2026-09-10,41.2
HALDER,206,8,2026-08-17,2026-09-10,25.75
EMAMIREAL,206,8,2026-08-17,2026-09-10,25.75
RACE,205,7,2026-08-17,2026-09-10,29.29
CREST,203,8,2026-08-17,2026-09-10,25.38
SHIVATEX,202,7,2026-08-17,2026-09-10,28.86
TGBHOTELS,202,6,2026-08-17,2026-09-10,33.67
AFFORDABLE,202,3,2026-09-02,2026-09-10,67.33
CHEMCRUX,201,8,2026-08-17,2026-09-10,25.13
CINEVISTA,201,8,2026-08-17,2026-09-10,25.13
SAGARDEEP,200,7,2026-08-17,2026-09-10,28.57
INDOKEM,199,7,2026-08-17,2026-09-10,28.43
FMNL,199,5,2026-08-27,2026-09-10,39.8
PHOENXINTL,199,7,2026-08-17,2026-09-10,28.43
NIPPOBATRY,199,7,2026-08-17,2026-09-10,28.43
SHREYANIND,198,6,2026-08-17,2026-09-10,33.0
TECILCHEM,197,6,2026-08-17,2026-09-10,32.83
MAGNUM,197,7,2026-08-17,2026-09-10,28.14
KDGREEN,195,2,2026-09-09,2026-09-10,97.5
JISLDVREQS,194,7,2026-08-17,2026-09-10,27.71
VISACHROME,193,6,2026-08-17,2026-09-10,32.17
SIEL,191,7,2026-08-17,2026-09-10,27.29
HEALTHX,191,7,2026-08-17,2026-09-10,27.29
HEADSUP,190,7,2026-08-17,2026-09-10,27.14
LEXUS,190,7,2026-08-17,2026-09-10,27.14
ANIKINDS,189,9,2026-08-14,2026-09-10,21.0
GRANDOAK,188,7,2026-08-17,2026-09-10,26.86
GLOSTERLTD,188,8,2026-08-17,2026-09-10,23.5
HGM,187,7,2026-08-17,2026-09-10,26.71
UMESLTD,186,6,2026-08-17,2026-09-10,31.0
KHAITANLTD,186,7,2026-08-17,2026-09-10,26.57
SVPGLOB,185,7,2026-08-17,2026-09-10,26.43
TECHNVISN,185,6,2026-08-17,2026-09-10,30.83
QMSMEDI,184,1,2026-08-17,2026-08-17,184.0
SPLIL,182,7,2026-08-17,2026-09-10,26.0
AMBICAAGAR,179,9,2026-08-14,2026-09-10,19.89
RVHL,179,7,2026-08-17,2026-09-10,25.57
QUINT,178,7,2026-08-17,2026-09-10,25.43
LAXMICOT,178,7,2026-08-17,2026-09-10,25.43
VIRAT,177,6,2026-08-17,2026-09-10,29.5
TNTELE,177,6,2026-08-17,2026-09-10,29.5
AIROLAM,174,9,2026-08-14,2026-09-10,19.33
3PLAND,174,9,2026-08-14,2026-09-10,19.33
BALKRISHNA,173,8,2026-08-17,2026-09-10,21.63
AROGRANITE,173,9,2026-08-14,2026-09-10,19.22
SUPTANERY,172,2,2026-08-17,2026-08-19,86.0
SRGHFL,171,7,2026-08-17,2026-09-10,24.43
TUTIALKA,170,6,2026-08-17,2026-09-10,28.33
ODYCORP,168,7,2026-08-17,2026-09-10,24.0
SHRADDHA,167,6,2026-08-17,2026-09-10,27.83
RVTH,166,7,2026-08-17,2026-09-10,23.71
THEINVEST,166,6,2026-08-17,2026-09-10,27.67
CPEDU,166,8,2026-08-17,2026-09-10,20.75
NITIRAJ,165,7,2026-08-17,2026-09-10,23.57
LEENEE,164,5,2026-08-17,2026-09-02,32.8
KOTHARIPRO,163,7,2026-08-17,2026-09-10,23.29
DGCONTENT,162,8,2026-08-17,2026-09-10,20.25
ELDEHSG,160,8,2026-08-17,2026-09-10,20.0
KAMANWALA,158,7,2026-08-17,2026-09-10,22.57
MEGASTAR,156,7,2026-08-17,2026-09-10,22.29
JOCIL,156,2,2026-09-09,2026-09-10,78.0
BOHRAIND,155,8,2026-08-17,2026-09-10,19.38
CTE,154,3,2026-08-17,2026-08-19,51.33
BPLPHARMA,153,8,2026-08-17,2026-09-10,19.13
ITL,152,7,2026-08-17,2026-09-10,21.71
KARMAENG,152,7,2026-08-17,2026-09-10,21.71
HINDALUMI,152,7,2026-08-17,2026-09-10,21.71
CYBERMEDIA,152,6,2026-08-17,2026-09-02,25.33
HBSL,150,8,2026-08-17,2026-09-10,18.75
UNITEDTEA,149,6,2026-08-17,2026-09-10,24.83
SHRADHA,148,6,2026-08-17,2026-09-10,24.67
GILLANDERS,145,8,2026-08-17,2026-09-10,18.13
BENGALASM,145,8,2026-08-17,2026-09-10,18.13
PIONEEREMB,145,7,2026-08-17,2026-09-10,20.71
JAIPURKURT,144,7,2026-08-17,2026-09-10,20.57
TAINWALCHM,144,6,2026-08-17,2026-09-10,24.0
ZODIACLOTH,144,6,2026-08-17,2026-09-10,24.0
REGENCERAM,143,7,2026-08-17,2026-09-10,20.43
SRIKPRIND,143,4,2026-08-19,2026-09-02,35.75
RETAIL,142,7,2026-08-17,2026-09-10,20.29
NAGREEKCAP,141,7,2026-08-17,2026-09-10,20.14
ACEINTEG,140,9,2026-08-14,2026-09-10,15.56
SHYAMTEL,140,7,2026-08-17,2026-09-10,20.0
MERCANTILE,139,7,2026-08-17,2026-09-10,19.86
IPRINGLTD,139,7,2026-08-17,2026-09-10,19.86
DHRUV,138,8,2026-08-17,2026-09-10,17.25
MITCON,137,2,2026-09-09,2026-09-10,68.5
RAJPALAYAM,136,7,2026-08-17,2026-09-10,19.43
BANARBEADS,132,8,2026-08-17,2026-09-10,16.5
INFOMEDIA,129,7,2026-08-17,2026-09-10,18.43
AUSTENG,129,8,2026-08-17,2026-09-10,16.13
NTCIND,128,7,2026-08-17,2026-09-10,18.29
SURYALAXMI,127,7,2026-08-17,2026-09-10,18.14
SGL,126,7,2026-08-17,2026-09-10,18.0
HEXATRADEX,126,6,2026-08-17,2026-09-10,21.0
NIMBSPROJ,126,7,2026-08-17,2026-09-10,18.0
HISARMETAL,126,5,2026-08-17,2026-09-09,25.2
NAHARCAP,125,7,2026-08-17,2026-09-10,17.86
ARENTERP,125,9,2026-08-14,2026-09-10,13.89
SHBAJRG,123,7,2026-08-17,2026-09-10,17.57
SOFTTECH,122,7,2026-08-17,2026-09-10,17.43
SHIVAUM,122,7,2026-08-17,2026-09-10,17.43
DAICHI,122,6,2026-08-17,2026-09-02,20.33
DELTAMAGNT,121,8,2026-08-17,2026-09-10,15.13
LAHOTIOV,121,7,2026-08-17,2026-09-10,17.29
BANKA,121,8,2026-08-17,2026-09-10,15.13
KAKATCEM,121,7,2026-08-17,2026-09-10,17.29
INCREDIBLE,121,7,2026-08-17,2026-09-10,17.29
MODINATUR,119,3,2026-09-02,2026-09-10,39.67
ABMINTLLTD,119,2,2026-08-14,2026-08-17,59.5
NDGL,118,7,2026-08-17,2026-09-10,16.86
SAPPL,118,7,2026-08-17,2026-09-10,16.86
BROOKS,117,2,2026-09-09,2026-09-10,58.5
KHANDSE,117,7,2026-08-17,2026-09-10,16.71
ENKEIWHEL,116,8,2026-08-17,2026-09-10,14.5
SHIVAMAUTO,116,3,2026-09-02,2026-09-10,38.67
UNIENTER,116,6,2026-08-17,2026-09-10,19.33
MAKERSL,115,7,2026-08-17,2026-09-10,16.43
VCL,114,2,2026-08-17,2026-08-19,57.0
RTSPOWR,114,6,2026-08-17,2026-09-10,19.0
TFL,112,6,2026-08-17,2026-09-10,18.67
SINTERCOM,111,7,2026-08-17,2026-09-10,15.86
PANSARI,111,7,2026-08-17,2026-09-10,15.86
IWP,110,7,2026-08-17,2026-09-10,15.71
CGVAK,109,8,2026-08-17,2026-09-10,13.63
BSL,109,8,2026-08-17,2026-09-10,13.63
LAGNAM,108,7,2026-08-17,2026-09-10,15.43
KIRANVYPAR,107,6,2026-08-17,2026-09-10,17.83
BEEKAY,107,8,2026-08-17,2026-09-10,13.38
SALONA,107,6,2026-08-17,2026-09-10,17.83
INDIANCARD,107,7,2026-08-17,2026-09-10,15.29
VGCL,106,6,2026-08-17,2026-09-10,17.67
MHLXMIRU,105,1,2026-08-17,2026-08-17,105.0
GANGESSECU,102,8,2026-08-17,2026-09-10,12.75
CREATIVEYE,102,5,2026-08-17,2026-08-28,20.4
JENBURPH,100,7,2026-08-17,2026-09-10,14.29
BEDMUTHA,100,8,2026-08-17,2026-09-10,12.5
SHRJAGP,99,5,2026-08-17,2026-09-10,19.8
PREMCO,99,7,2026-08-17,2026-09-10,14.14
GLFL,99,8,2026-08-17,2026-09-10,12.38
ORTINGLOBE,99,7,2026-08-17,2026-09-10,14.14
TOUCHWOOD,98,6,2026-08-17,2026-09-10,16.33
SVGLOBAL,98,7,2026-08-17,2026-09-10,14.0
MOTOGENFIN,96,2,2026-09-09,2026-09-10,48.0
WILLAMAGOR,95,6,2026-08-17,2026-09-10,15.83
VIJSOLX,95,6,2026-08-17,2026-09-10,15.83
AHLEAST,95,6,2026-08-14,2026-09-02,15.83
ISTLTD,94,7,2026-08-17,2026-09-10,13.43
ZSARACOM,94,6,2026-08-17,2026-09-10,15.67
PEARLPOLY,94,7,2026-08-17,2026-09-10,13.43
AUSOMENT,93,8,2026-08-17,2026-09-10,11.63
NICCOPAR,92,6,2026-08-19,2026-09-10,15.33
TRANSCOR,92,6,2026-08-17,2026-09-10,15.33
SHERVANI,91,6,2026-08-17,2026-09-10,15.17
TEAMGTY,90,7,2026-08-17,2026-09-10,12.86
ICDSLTD,90,5,2026-08-17,2026-09-02,18.0
HALEOSLABS,89,6,2026-08-17,2026-09-10,14.83
LOYALTEX,89,3,2026-08-17,2026-08-28,29.67
NBIFIN,89,7,2026-08-17,2026-09-10,12.71
BNAGROCHEM,88,7,2026-08-17,2026-09-10,12.57
GROBTEA,88,8,2026-08-17,2026-09-10,11.0
SILLYMONKS,87,5,2026-08-17,2026-09-09,17.4
PALASHSECU,86,7,2026-08-17,2026-09-10,12.29
MADHAV,85,7,2026-08-17,2026-09-10,12.14
MFML,84,7,2026-08-17,2026-09-10,12.0
SAICAPI,84,7,2026-08-17,2026-09-10,12.0
OBCL,84,7,2026-08-17,2026-09-10,12.0
SURAJLTD,83,7,2026-08-17,2026-09-10,11.86
SEMAC,83,6,2026-08-17,2026-09-10,13.83
ASPINWALL,82,6,2026-08-14,2026-08-28,13.67
NKIND,76,7,2026-08-17,2026-09-10,10.86
HBPOR,76,7,2026-08-17,2026-09-10,10.86
SHIVAMILLS,76,7,2026-08-17,2026-09-10,10.86
ROML,75,7,2026-08-17,2026-09-10,10.71
GLOBALE,75,8,2026-08-17,2026-09-10,9.38
STARTECK,74,7,2026-08-17,2026-09-10,10.57
GKWLIMITED,74,8,2026-08-17,2026-09-10,9.25
NORBTEAEXP,73,6,2026-08-17,2026-09-10,12.17
BIMETAL,73,6,2026-08-17,2026-09-02,12.17
THAKDEV,72,5,2026-08-17,2026-09-10,14.4
UNIINFO,71,6,2026-08-17,2026-09-10,11.83
RHL,71,6,2026-08-17,2026-09-10,11.83
INSPIRISYS,70,3,2026-09-02,2026-09-10,23.33
VOITHPAPR,69,6,2026-08-17,2026-09-10,11.5
SAYAJIHOTL,69,7,2026-08-17,2026-09-10,9.86
ABMKNO,68,4,2026-08-14,2026-08-19,17.0
NEAGI,66,3,2026-08-17,2026-08-28,22.0
SUMEDHA,66,7,2026-08-17,2026-09-10,9.43
BLUECHIP,66,5,2026-08-17,2026-08-28,13.2
CLEDUCATE,65,2,2026-09-09,2026-09-10,32.5
MYSORPETRO,65,1,2026-08-19,2026-08-19,65.0
MINALIND,63,2,2026-08-17,2026-08-19,31.5
KRIDHANINF,62,2,2026-09-09,2026-09-10,31.0
WIPL,62,5,2026-08-17,2026-09-10,12.4
COMPEAU,61,5,2026-08-17,2026-08-28,12.2
SHIVAAGRO,61,7,2026-08-17,2026-09-10,8.71
BRIGHTBR,60,5,2026-08-17,2026-08-28,12.0
HBESD,59,8,2026-08-17,2026-09-10,7.38
PML,59,7,2026-08-17,2026-09-10,8.43
GUJRAFFIA,59,2,2026-08-17,2026-08-19,29.5
SURYALA,58,7,2026-08-17,2026-09-10,8.29
WEIZMANIND,56,6,2026-08-17,2026-09-10,9.33
PACIFICI,54,7,2026-08-17,2026-09-10,7.71
KJMCFIN,54,7,2026-08-17,2026-09-10,7.71
HPIL,54,7,2026-08-17,2026-09-10,7.71
ZENITHEXPO,54,5,2026-08-17,2026-09-10,10.8
TOKYOPLAST,51,6,2026-08-17,2026-09-10,8.5
MSL,50,7,2026-08-17,2026-09-10,7.14
WEWIN,50,5,2026-08-17,2026-09-10,10.0
ARCL,49,5,2026-08-17,2026-08-28,9.8
INDPRUD,49,7,2026-08-17,2026-09-10,7.0
MCCHRLS-B,48,7,2026-08-17,2026-09-10,6.86
VITAL,44,3,2026-09-02,2026-09-10,14.67
KEYFINSERV,41,4,2026-08-17,2026-09-02,10.25
AMARJOTHI,41,5,2026-08-17,2026-08-28,8.2
POLYSPIN,40,4,2026-08-17,2026-08-28,10.0
ELCIDIN,39,8,2026-08-17,2026-09-10,4.88
YOGI,38,5,2026-08-19,2026-09-10,7.6
TERAI,36,5,2026-08-17,2026-09-10,7.2
PBMPOLY,33,3,2026-08-17,2026-08-28,11.0
PALREDTEC,33,2,2026-09-09,2026-09-10,16.5
SHRIKRISH,33,5,2026-08-17,2026-09-10,6.6
KANCOTEA,32,7,2026-08-17,2026-09-10,4.57
ADL,31,4,2026-08-14,2026-08-19,7.75
RRECL,27,6,2026-08-17,2026-09-10,4.5
CRESTO,25,1,2026-09-10,2026-09-10,25.0
ASTAR,25,3,2026-08-14,2026-08-19,8.33
GFSTEELS,23,2,2026-09-09,2026-09-10,11.5
PANCHMAHQ,22,4,2026-08-17,2026-09-02,5.5
GKB,22,3,2026-08-17,2026-08-19,7.33
CURAA,18,5,2026-08-17,2026-08-28,3.6
BLUECOAST,18,2,2026-09-09,2026-09-10,9.0
LAKSHMIMIL,16,1,2026-08-19,2026-08-19,16.0
GRAVISSHO,15,4,2026-08-17,2026-08-28,3.75
BENARAS,15,5,2026-08-17,2026-08-28,3.0
ALFREDHE,15,3,2026-08-17,2026-08-19,5.0
ARTNIRMAN,12,2,2026-08-14,2026-08-17,6.0
MUKESHB,12,3,2026-08-17,2026-08-28,4.0
SAYAJIIND,10,3,2026-08-17,2026-08-28,3.33
PARNAXLAB,10,2,2026-08-17,2026-08-19,5.0
HRYNSHP,9,2,2026-08-17,2026-08-19,4.5
SIMPLXREA,6,3,2026-08-17,2026-08-28,2.0
MASKINVEST,6,1,2026-08-19,2026-08-19,6.0
ANSALBU,5,2,2026-08-17,2026-08-18,2.5
THACKER,5,1,2026-09-09,2026-09-09,5.0
ASSAMENT,5,2,2026-08-17,2026-08-18,2.5
SONAL,5,2,2026-08-17,2026-08-19,2.5
ADDIND,4,1,2026-08-18,2026-08-18,4.0
MPDL,4,1,2026-08-19,2026-08-19,4.0
LADDERUP,3,2,2026-08-17,2026-08-19,1.5
VADILENT,3,2,2026-08-17,2026-08-19,1.5
CRAVATEX,2,1,2026-08-17,2026-08-17,2.0
SUNLOC,2,1,2026-08-17,2026-08-17,2.0
SAB,2,1,2026-08-17,2026-08-17,2.0
ARYAMAN,2,1,2026-08-17,2026-08-17,2.0
VASUPRADA,1,1,2026-08-17,2026-08-17,1.0
NIRAJISPAT,1,1,2026-08-19,2026-08-19,1.0
